Unnamed: 0.1,TIME,ELAPSED_SECONDS,PSTATE,acc_x,acc_y,acc_z,mag_x,mag_y,mag_z,gyr_x,gyr_y,gyr_z,lin_x,lin_y,lin_z,eul_x,eul_y,eul_z,qua_w,qua_x,qua_y,qua_z
0,588396.0,536.1632940000002,1.0,6.87,3.4,-5.93,-25.69,-26.5,17.0,7.06,-3.81,0.81,-0.20616097654577992,-0.2080448419902876,0.11975085757723393,-126.07412316645296,0.4239897358038088,-47.544236088592434,-0.2075,-0.8913,0.0037,-0.4031
1,588396.0,536.1632940000002,1.0,6.87,3.4,-5.93,-25.69,-26.5,17.0,7.06,-3.81,0.81,-0.20616097654577992,-0.2080448419902876,0.11975085757723393,-126.07412316645296,0.4239897358038088,-47.544236088592434,-0.2075,-0.8913,0.0037,-0.4031
2,588431.0,536.20066,1.0,6.96,3.28,-5.93,-25.0,-26.75,17.0,0.06,2.0,0.81,-0.12960220116372678,-0.3242322254212033,0.09876780389502393,-126.07412316645296,0.4125305035633525,-47.58180340274293,-0.207,-0.8913,0.0036,-0.4034
3,588431.0,536.20066,1.0,6.96,3.28,-5.93,-25.0,-26.75,17.0,0.06,2.0,0.81,-0.12960220116372678,-0.3242322254212033,0.09876780389502393,-126.07412316645296,0.4125305035633525,-47.58180340274293,-0.207,-0.8913,0.0036,-0.4034
4,588468.0,536.263696,1.0,7.38,3.64,-5.87,-25.0,-25.69,17.0,-2.81,2.19,-0.25,0.11949174966847975,-0.05283791093794045,-0.3004677828760283,-125.97311846044451,0.43544897228424,-47.65695432872225,-0.2077,-0.8909,0.0038,-0.40399999999999997
5,588468.0,536.263696,1.0,7.38,3.64,-5.87,-25.0,-25.69,17.0,-2.81,2.19,-0.25,0.11949174966847975,-0.05283791093794045,-0.3004677828760283,-125.97311846044451,0.43544897228424,-47.65695432872225,-0.2077,-0.8909,0.0038,-0.40399999999999997
6,588500.0,536.281461,1.0,7.34,3.75,-6.0,-25.0,-25.69,17.0,1.0,-1.25,-0.63,-0.017357727690690442,0.0039706789347058605,-0.3883381286344907,-125.97311846044451,0.4125305035633525,-47.64442766376834,-0.2077,-0.8909,0.0036,-0.4039
7,588500.0,536.281461,1.0,7.34,3.75,-6.0,-25.0,-25.69,17.0,1.0,-1.25,-0.63,-0.017357727690690442,0.0039706789347058605,-0.3883381286344907,-125.97311846044451,0.4125305035633525,-47.64442766376834,-0.2077,-0.8909,0.0036,-0.4039
8,588537.0,536.310642,1.0,7.06,3.29,-6.11,-25.69,-27.19,18.69,0.94,2.5,0.69,-0.2068720471892762,-0.3955926529709057,-0.08276405792108578,-126.02359896120804,0.27502000568243146,-47.694537953351535,-0.2063,-0.8911,0.0024,-0.4043
9,588537.0,536.310642,1.0,7.06,3.29,-6.11,-25.69,-27.19,18.69,0.94,2.5,0.69,-0.2068720471892762,-0.3955926529709057,-0.08276405792108578,-126.02359896120804,0.27502000568243146,-47.694537953351535,-0.2063,-0.8911,0.0024,-0.4043
10,588572.0,536.344476,1.0,7.66,3.81,-5.94,-25.69,-26.75,17.37,-3.06,2.38,-0.69,0.2127353429391694,0.027553355211456517,-0.6062883214576456,-125.89747938631321,0.28647919598176924,-47.78225428161778,-0.2072,-0.8906,0.0025,-0.405
11,588572.0,536.344476,1.0,7.66,3.81,-5.94,-25.69,-26.75,17.37,-3.06,2.38,-0.69,0.2127353429391694,0.027553355211456517,-0.6062883214576456,-125.89747938631321,0.28647919598176924,-47.78225428161778,-0.2072,-0.8906,0.0025,-0.405
12,588607.0,536.390893,1.0,6.85,3.26,-5.84,-25.69,-26.75,17.37,5.75,-4.38,0.19,-0.14634016519430926,-0.2957700578002607,0.23864056078225995,-126.02359896120804,0.2521016332198253,-47.68200947327645,-0.2066,-0.8911,0.0022,-0.4042
13,588607.0,536.390893,1.0,6.85,3.26,-5.84,-25.69,-26.75,17.37,5.75,-4.38,0.19,-0.14634016519430926,-0.2957700578002607,0.23864056078225995,-126.02359896120804,0.2521016332198253,-47.68200947327645,-0.2066,-0.8911,0.0022,-0.4042
14,588640.0,536.4348160000002,1.0,7.09,3.41,-6.09,-24.56,-26.06,17.25,-1.5,1.44,0.44,-0.1917670895445185,-0.28381320887438005,-0.13653738865138898,-126.02359896120804,0.2406424508273681,-47.694537953351535,-0.2062,-0.8911,0.0021,-0.4043
15,588640.0,536.4348160000002,1.0,7.09,3.41,-6.09,-24.56,-26.06,17.25,-1.5,1.44,0.44,-0.1917670895445185,-0.28381320887438005,-0.13653738865138898,-126.02359896120804,0.2406424508273681,-47.694537953351535,-0.2062,-0.8911,0.0021,-0.4043
16,588677.0,536.491049,1.0,7.51,3.7,-5.98,-25.37,-26.75,17.75,-2.94,0.88,-0.31,0.10921533928165507,-0.059117434352258365,-0.4809676609855202,-125.92268154117136,0.2635608181333149,-47.74465793118145,-0.2069,-0.8907,0.0023,-0.4047
17,588677.0,536.491049,1.0,7.51,3.7,-5.98,-25.37,-26.75,17.75,-2.94,0.88,-0.31,0.10921533928165507,-0.059117434352258365,-0.4809676609855202,-125.92268154117136,0.2635608181333149,-47.74465793118145,-0.2069,-0.8907,0.0023,-0.4047
18,588711.0,536.4990429999998,1.0,7.36,3.62,-5.92,-25.37,-26.75,17.75,0.5,-2.75,0.0,0.0711490701614883,-0.08965038455938433,-0.3080571444685685,-125.94789456078651,0.27502000568243146,-47.70706703894191,-0.2072,-0.8908,0.0024,-0.4044
19,588711.0,536.4990429999998,1.0,7.36,3.62,-5.92,-25.37,-26.75,17.75,0.5,-2.75,0.0,0.0711490701614883,-0.08965038455938433,-0.3080571444685685,-125.94789456078651,0.27502000568243146,-47.70706703894191,-0.2072,-0.8908,0.0024,-0.4044
20,588746.0,536.507218,1.0,6.97,3.43,-6.06,-25.37,-26.06,17.75,-2.63,1.31,0.44,-0.252863156380744,-0.2482725720415593,-0.03935532978308665,-125.99835325546628,0.28647919598176924,-47.66948159847917,-0.2071,-0.8909999999999999,0.0025,-0.4041
21,588746.0,536.507218,1.0,6.97,3.43,-6.06,-25.37,-26.06,17.75,-2.63,1.31,0.44,-0.252863156380744,-0.2482725720415593,-0.03935532978308665,-125.99835325546628,0.28647919598176924,-47.66948159847917,-0.2071,-0.8909999999999999,0.0025,-0.4041
22,588781.0,536.562549,1.0,7.27,3.67,-5.83,-25.37,-26.5,17.25,-1.69,3.19,0.94,0.05117081454615136,-0.004947184964741035,-0.2087410094963129,-125.84710760989958,0.32085678452705746,-47.78225428161778,-0.2078,-0.8904,0.0028,-0.405
23,588781.0,536.562549,1.0,7.27,3.67,-5.83,-25.37,-26.5,17.25,-1.69,3.19,0.94,0.05117081454615136,-0.004947184964741035,-0.2087410094963129,-125.84710760989958,0.32085678452705746,-47.78225428161778,-0.2078,-0.8904,0.0028,-0.405
24,588818.0,536.587494,1.0,7.43,3.58,-5.97,-24.56,-26.75,17.25,6.38,-2.94,0.94,0.07536849485422836,-0.1509667786994372,-0.3734152562600261,-125.89747938631321,0.3093975852894872,-47.78225428161778,-0.207,-0.8906,0.0027,-0.405
25,588818.0,536.587494,1.0,7.43,3.58,-5.97,-24.56,-26.75,17.25,6.38,-2.94,0.94,0.07536849485422836,-0.1509667786994372,-0.3734152562600261,-125.89747938631321,0.3093975852894872,-47.78225428161778,-0.207,-0.8906,0.0027,-0.405
26,588851.0,536.635582,1.0,6.87,3.17,-6.0,-24.56,-26.75,17.25,0.0,-0.69,0.25,-0.2382045888151465,-0.4345002448331257,0.16298533810370408,-125.99835325546628,0.29793838914592274,-47.70706703894191,-0.2064,-0.8909999999999999,0.0026,-0.4044
27,588851.0,536.635582,1.0,6.87,3.17,-6.0,-24.56,-26.75,17.25,0.0,-0.69,0.25,-0.2382045888151465,-0.4345002448331257,0.16298533810370408,-125.99835325546628,0.29793838914592274,-47.70706703894191,-0.2064,-0.8909999999999999,0.0026,-0.4044
28,588888.0,536.667811,1.0,7.31,3.74,-6.01,-25.69,-26.5,18.19,-2.19,1.69,-0.75,-0.058015995361401014,-0.00905268893771131,-0.36882798352024615,-125.89747938631321,0.3093975852894872,-47.75718944121001,-0.2075,-0.8906,0.0027,-0.4048
29,588888.0,536.667811,1.0,7.31,3.74,-6.01,-25.69,-26.5,18.19,-2.19,1.69,-0.75,-0.058015995361401014,-0.00905268893771131,-0.36882798352024615,-125.89747938631321,0.3093975852894872,-47.75718944121001,-0.2075,-0.8906,0.0027,-0.4048
30,588922.0,536.6922559999998,1.0,7.47,3.68,-5.92,-25.37,-26.06,16.19,1.56,-1.81,0.12,0.132188715377334,-0.047458377552053815,-0.4095123834944516,-125.94789456078651,0.29793838914592274,-47.71959673028522,-0.207,-0.8908,0.0026,-0.4045
31,588922.0,536.6922559999998,1.0,7.47,3.68,-5.92,-25.37,-26.06,16.19,1.56,-1.81,0.12,0.132188715377334,-0.047458377552053815,-0.4095123834944516,-125.94789456078651,0.29793838914592274,-47.71959673028522,-0.207,-0.8908,0.0026,-0.4045
32,588957.0,536.7181860000002,1.0,6.95,3.14,-5.96,-25.37,-26.06,16.19,-0.12,-1.88,0.19,-0.1419550410142345,-0.4576031848726532,0.1394814335827803,-126.04885559306123,0.29793838914592274,-47.65695432872225,-0.2063,-0.8912,0.0026,-0.40399999999999997
33,588957.0,536.7181860000002,1.0,6.95,3.14,-5.96,-25.37,-26.06,16.19,-0.12,-1.88,0.19,-0.1419550410142345,-0.4576031848726532,0.1394814335827803,-126.04885559306123,0.29793838914592274,-47.65695432872225,-0.2063,-0.8912,0.0026,-0.40399999999999997
34,588992.0,536.751745,1.0,7.17,3.74,-6.02,-25.0,-25.69,17.75,-7.38,0.69,-2.63,-0.14273201828826074,-0.004996161193279121,-0.2738511090386133,-125.92268154117136,0.32085678452705746,-47.64442766376834,-0.2084,-0.8907,0.0028,-0.4039
35,588992.0,536.751745,1.0,7.17,3.74,-6.02,-25.0,-25.69,17.75,-7.38,0.69,-2.63,-0.14273201828826074,-0.004996161193279121,-0.2738511090386133,-125.92268154117136,0.32085678452705746,-47.64442766376834,-0.2084,-0.8907,0.0028,-0.4039
36,589027.0,536.795901,1.0,7.36,3.94,-5.88,-25.37,-27.19,16.5,0.56,0.19,-0.06,0.04894017809606098,0.18672692448893605,-0.40267602646417977,-125.89747938631321,0.3093975852894872,-47.65695432872225,-0.209,-0.8906,0.0027,-0.40399999999999997
37,589027.0,536.795901,1.0,7.36,3.94,-5.88,-25.37,-27.19,16.5,0.56,0.19,-0.06,0.04894017809606098,0.18672692448893605,-0.40267602646417977,-125.89747938631321,0.3093975852894872,-47.65695432872225,-0.209,-0.8906,0.0027,-0.40399999999999997
38,589064.0,536.8556219999998,1.0,7.1,3.1,-6.01,-25.37,-27.19,16.5,9.69,0.81,2.88,-0.07613987061032734,-0.5446185569393746,0.016977209373100877,-125.99835325546628,0.27502000568243146,-47.694537953351535,-0.2066,-0.8909999999999999,0.0024,-0.4043
39,589064.0,536.8556219999998,1.0,7.1,3.1,-6.01,-25.37,-27.19,16.5,9.69,0.81,2.88,-0.07613987061032734,-0.5446185569393746,0.016977209373100877,-125.99835325546628,0.27502000568243146,-47.694537953351535,-0.2066,-0.8909999999999999,0.0024,-0.4043
40,589096.0,536.88708,1.0,7.25,3.57,-5.97,-25.0,-27.19,17.0,-5.38,1.06,-2.31,-0.032468389686300725,-0.13717411044723735,-0.23966420308434344,-125.92268154117136,0.2635608181333149,-47.71959673028522,-0.2072,-0.8907,0.0023,-0.4045
41,589096.0,536.88708,1.0,7.25,3.57,-5.97,-25.0,-27.19,17.0,-5.38,1.06,-2.31,-0.032468389686300725,-0.13717411044723735,-0.23966420308434344,-125.92268154117136,0.2635608181333149,-47.71959673028522,-0.2072,-0.8907,0.0023,-0.4045
42,589131.0,536.904879,1.0,7.48,4.04,-5.88,-25.37,-26.5,17.75,-3.38,0.94,-0.69,0.10355889963720788,0.2613001184477252,-0.5261810642536471,-125.84710760989958,0.2635608181333149,-47.71959673028522,-0.2086,-0.8904,0.0023,-0.4045
43,589131.0,536.904879,1.0,7.48,4.04,-5.88,-25.37,-26.5,17.75,-3.38,0.94,-0.69,0.10355889963720788,0.2613001184477252,-0.5261810642536471,-125.84710760989958,0.2635608181333149,-47.71959673028522,-0.2086,-0.8904,0.0023,-0.4045
44,589168.0,536.9403990000002,1.0,7.37,3.39,-6.06,-25.69,-26.5,17.25,7.06,0.12,2.44,0.013292863015095243,-0.3563782766902541,-0.3129062068549331,-125.92268154117136,0.2406424508273681,-47.73212702761914,-0.2072,-0.8907,0.0021,-0.4046
45,589168.0,536.9403990000002,1.0,7.37,3.39,-6.06,-25.69,-26.5,17.25,7.06,0.12,2.44,0.013292863015095243,-0.3563782766902541,-0.3129062068549331,-125.92268154117136,0.2406424508273681,-47.73212702761914,-0.2072,-0.8907,0.0021,-0.4046
46,589201.0,536.987851,1.0,6.81,2.95,-5.97,-25.69,-26.5,17.25,0.25,-1.75,1.06,-0.21535036773024352,-0.6181790432051522,0.3044934611052437,-126.02359896120804,0.2406424508273681,-47.694537953351535,-0.2064,-0.8911,0.0021,-0.4043
47,589201.0,536.987851,1.0,6.81,2.95,-5.97,-25.69,-26.5,17.25,0.25,-1.75,1.06,-0.21535036773024352,-0.6181790432051522,0.3044934611052437,-126.02359896120804,0.2406424508273681,-47.694537953351535,-0.2064,-0.8911,0.0021,-0.4043
48,589238.0,537.009656,1.0,7.49,3.84,-6.0,-25.37,-26.06,18.19,-5.94,0.69,-1.12,0.05891922785927273,0.04271783174419348,-0.5297131762549618,-125.87228808096123,0.27502000568243146,-47.71959673028522,-0.2081,-0.8905,0.0024,-0.4045
49,589238.0,537.009656,1.0,7.49,3.84,-6.0,-25.37,-26.06,18.19,-5.94,0.69,-1.12,0.05891922785927273,0.04271783174419348,-0.5297131762549618,-125.87228808096123,0.27502000568243146,-47.71959673028522,-0.2081,-0.8905,0.0024,-0.4045
50,589275.0,537.0465019999998,1.0,7.24,3.75,-5.88,-24.56,-26.75,17.75,4.0,-2.75,0.37,0.006593155022115216,0.05511324256719707,-0.24578348949897946,-125.97311846044451,0.27502000568243146,-47.64442766376834,-0.2077,-0.8909,0.0024,-0.4039
51,589275.0,537.0465019999998,1.0,7.24,3.75,-5.88,-24.56,-26.75,17.75,4.0,-2.75,0.37,0.006593155022115216,0.05511324256719707,-0.24578348949897946,-125.97311846044451,0.27502000568243146,-47.64442766376834,-0.2077,-0.8909,0.0024,-0.4039
52,589307.0,537.088824,1.0,6.97,3.35,-6.0,-24.56,-26.75,17.75,0.0,2.19,0.19,-0.1924612932667351,-0.2957365480551903,0.02509089397101505,-126.02359896120804,0.2521016332198253,-47.65695432872225,-0.2068,-0.8911,0.0022,-0.40399999999999997
53,589307.0,537.088824,1.0,6.97,3.35,-6.0,-24.56,-26.75,17.75,0.0,2.19,0.19,-0.1924612932667351,-0.2957365480551903,0.02509089397101505,-126.02359896120804,0.2521016332198253,-47.65695432872225,-0.2068,-0.8911,0.0022,-0.40399999999999997
54,589342.0,537.116758,1.0,7.34,3.64,-6.08,-25.0,-27.19,17.37,0.12,2.31,0.5,-0.06598706982712654,-0.12670153869471107,-0.39487892593595575,-125.92268154117136,0.2406424508273681,-47.74465793118145,-0.207,-0.8907,0.0021,-0.4047
55,589342.0,537.116758,1.0,7.34,3.64,-6.08,-25.0,-27.19,17.37,0.12,2.31,0.5,-0.06598706982712654,-0.12670153869471107,-0.39487892593595575,-125.92268154117136,0.2406424508273681,-47.74465793118145,-0.207,-0.8907,0.0021,-0.4047
56,589377.0,537.152811,1.0,7.43,3.81,-6.07,-25.69,-26.75,17.75,9.5,-12.25,0.63,0.013452485000873704,0.047379027583832056,-0.5163086000522394,-126.20062569892963,0.2291832708413497,-47.53171485619927,-0.2056,-0.8918,0.002,-0.40299999999999997
57,589377.0,537.152811,1.0,7.43,3.81,-6.07,-25.69,-26.75,17.75,9.5,-12.25,0.63,0.013452485000873704,0.047379027583832056,-0.5163086000522394,-126.20062569892963,0.2291832708413497,-47.53171485619927,-0.2056,-0.8918,0.002,-0.40299999999999997
58,589414.0,537.189023,1.0,7.07,3.48,-6.15,-25.69,-26.75,17.75,37.38,-23.94,4.69,-0.11799582001260325,-0.10254342644358093,-0.1880166693868688,-127.09397976921673,0.1145915781247664,-46.95638557950453,-0.1991,-0.8953,0.001,-0.3984
59,589414.0,537.189023,1.0,7.07,3.48,-6.15,-25.69,-26.75,17.75,37.38,-23.94,4.69,-0.11799582001260325,-0.10254342644358093,-0.1880166693868688,-127.09397976921673,0.1145915781247664,-46.95638557950453,-0.1991,-0.8953,0.001,-0.3984
60,589447.0,537.236187,1.0,7.84,3.03,-6.77,-25.37,-26.06,19.0,46.38,-45.56,8.5,0.2877760714622077,-0.5658285728468976,-0.9672268769112904,-129.03054304377298,-0.2521016332198253,-45.77214298203665,-0.184,-0.9027,-0.0022,-0.3889
61,589447.0,537.236187,1.0,7.84,3.03,-6.77,-25.37,-26.06,19.0,46.38,-45.56,8.5,0.2877760714622077,-0.5658285728468976,-0.9672268769112904,-129.03054304377298,-0.2521016332198253,-45.77214298203665,-0.184,-0.9027,-0.0022,-0.3889
62,589481.0,537.2617730000002,1.0,7.46,3.27,-6.89,-25.69,-26.5,19.0,36.13,-111.75,7.69,0.577097702448345,0.003978191984238197,-0.8462154556329295,-133.04022773049576,0.16042823504321638,-42.151265384526,-0.1714,-0.9172,0.0014,-0.3596
63,589481.0,537.2617730000002,1.0,7.46,3.27,-6.89,-25.69,-26.5,19.0,36.13,-111.75,7.69,0.577097702448345,0.003978191984238197,-0.8462154556329295,-133.04022773049576,0.16042823504321638,-42.151265384526,-0.1714,-0.9172,0.0014,-0.3596
64,589518.0,537.28268,1.0,4.9,2.11,-6.69,-22.69,-24.19,22.75,37.13,-121.69,11.5,-0.5167084702027473,-0.4873040762382833,1.2794143931868334,-136.90081703525604,0.29793838914592274,-38.634678836735524,-0.1595,-0.9301,0.0026,-0.3308
65,589518.0,537.28268,1.0,4.9,2.11,-6.69,-22.69,-24.19,22.75,37.13,-121.69,11.5,-0.5167084702027473,-0.4873040762382833,1.2794143931868334,-136.90081703525604,0.29793838914592274,-38.634678836735524,-0.1595,-0.9301,0.0026,-0.3308
66,589553.0,537.344554,1.0,5.93,3.0,-7.9,-22.69,-24.19,22.75,7.5,-92.56,9.44,0.0901324198028326,0.08492630214366087,-0.5161191861294991,-140.57602612666605,1.0771765184626354,-34.92721890485463,-0.1537,-0.9414,0.0094,-0.3001
67,589553.0,537.344554,1.0,5.93,3.0,-7.9,-22.69,-24.19,22.75,7.5,-92.56,9.44,0.0901324198028326,0.08492630214366087,-0.5161191861294991,-140.57602612666605,1.0771765184626354,-34.92721890485463,-0.1537,-0.9414,0.0094,-0.3001
68,589588.0,537.366364,1.0,5.43,2.76,-8.03,-21.69,-23.87,25.69,21.0,-97.94,7.75,0.09250630093960677,-0.012872908744334348,-0.2717763093256273,-143.20870960086745,1.3522117780748235,-32.26982009667936,-0.1489,-0.9489,0.0118,-0.2779
69,589588.0,537.366364,1.0,5.43,2.76,-8.03,-21.69,-23.87,25.69,21.0,-97.94,7.75,0.09250630093960677,-0.012872908744334348,-0.2717763093256273,-143.20870960086745,1.3522117780748235,-32.26982009667936,-0.1489,-0.9489,0.0118,-0.2779
70,589625.0,537.4045940000002,1.0,4.03,1.82,-7.53,-20.56,-23.19,25.69,23.12,-65.81,4.81,-0.3171575864238425,-0.5078201692274686,1.094834475030499,-146.1159090950019,1.7533192633889718,-29.523469077350697,-0.1406,-0.9566,0.0153,-0.2548
71,589625.0,537.4045940000002,1.0,4.03,1.82,-7.53,-20.56,-23.19,25.69,23.12,-65.81,4.81,-0.3171575864238425,-0.5078201692274686,1.094834475030499,-146.1159090950019,1.7533192633889718,-29.523469077350697,-0.1406,-0.9566,0.0153,-0.2548
72,589660.0,537.4186070000002,1.0,5.05,2.65,-8.64,-20.56,-23.19,25.69,-3.69,-54.5,5.75,0.2068385878071201,-0.009888199267278965,-0.5437954021123748,-147.4795905833761,2.085681528609333,-28.04465615754797,-0.1395,-0.96,0.0182,-0.2423
73,589660.0,537.4186070000002,1.0,5.05,2.65,-8.64,-20.56,-23.19,25.69,-3.69,-54.5,5.75,0.2068385878071201,-0.009888199267278965,-0.5437954021123748,-147.4795905833761,2.085681528609333,-28.04465615754797,-0.1395,-0.96,0.0182,-0.2423
74,589694.0,537.465365,1.0,4.73,2.9,-8.87,-18.19,-23.19,27.25,3.44,-71.62,6.69,0.24731476127828425,0.2648607843760698,-0.649376213325672,-149.81204156148604,2.6931495578860725,-25.429813082479118,-0.1377,-0.9655,0.0235,-0.2201
75,589694.0,537.465365,1.0,4.73,2.9,-8.87,-18.19,-23.19,27.25,3.44,-71.62,6.69,0.24731476127828425,0.2648607843760698,-0.649376213325672,-149.81204156148604,2.6931495578860725,-25.429813082479118,-0.1377,-0.9655,0.0235,-0.2201
76,589729.0,537.501875,1.0,3.93,2.32,-8.4,-16.56,-22.25,29.37,22.94,-59.69,2.63,0.08415093519883743,-0.017310144956287722,0.2473655613515309,-151.71920090048613,2.8192367490322434,-23.600462193143148,-0.1317,-0.9697,0.0246,-0.2045
77,589729.0,537.501875,1.0,3.93,2.32,-8.4,-16.56,-22.25,29.37,22.94,-59.69,2.63,0.08415093519883743,-0.017310144956287722,0.2473655613515309,-151.71920090048613,2.8192367490322434,-23.600462193143148,-0.1317,-0.9697,0.0246,-0.2045
78,589766.0,537.5398650000002,1.0,3.04,1.47,-8.07,-14.0,-21.56,30.25,21.62,-31.0,1.12,-0.3111891567137888,-0.6082809448885174,1.085379702570311,-153.3110465719337,2.658762714530565,-22.25582556887037,-0.1242,-0.973,0.0232,-0.193
79,589766.0,537.5398650000002,1.0,3.04,1.47,-8.07,-14.0,-21.56,30.25,21.62,-31.0,1.12,-0.3111891567137888,-0.6082809448885174,1.085379702570311,-153.3110465719337,2.658762714530565,-22.25582556887037,-0.1242,-0.973,0.0232,-0.193
80,589801.0,537.5857179999998,1.0,3.88,2.32,-9.05,-14.0,-21.56,30.25,-10.81,-32.38,4.06,0.1399797002842318,-0.03577009232069272,-0.30860709925376817,-153.8627830260387,2.87655022805785,-21.56718332965744,-0.125,-0.9741,0.0251,-0.1871
81,589801.0,537.5857179999998,1.0,3.88,2.32,-9.05,-14.0,-21.56,30.25,-10.81,-32.38,4.06,0.1399797002842318,-0.03577009232069272,-0.30860709925376817,-153.8627830260387,2.87655022805785,-21.56718332965744,-0.125,-0.9741,0.0251,-0.1871
82,589838.0,537.615452,1.0,3.99,2.48,-9.31,-14.0,-20.75,30.37,11.31,-53.19,2.94,0.4173281318633277,0.09883393776865347,-0.6126911059961291,-155.16145880106285,3.1975194185389717,-19.947852442498814,-0.1241,-0.9766,0.0279,-0.1732
83,589838.0,537.615452,1.0,3.99,2.48,-9.31,-14.0,-20.75,30.37,11.31,-53.19,2.94,0.4173281318633277,0.09883393776865347,-0.6126911059961291,-155.16145880106285,3.1975194185389717,-19.947852442498814,-0.1241,-0.9766,0.0279,-0.1732
84,589873.0,537.640705,1.0,2.64,1.89,-8.56,-13.56,-22.0,31.56,17.12,-42.25,0.63,-0.32804768670423634,-0.20833800330074886,0.6598319744990739,-156.58711361479934,3.300693295071686,-18.576333132780547,-0.1198,-0.9792,0.0288,-0.1614
85,589873.0,537.640705,1.0,2.64,1.89,-8.56,-13.56,-22.0,31.56,17.12,-42.25,0.63,-0.32804768670423634,-0.20833800330074886,0.6598319744990739,-156.58711361479934,3.300693295071686,-18.576333132780547,-0.1198,-0.9792,0.0288,-0.1614
86,589907.0,537.686112,1.0,2.98,1.73,-8.85,-13.56,-22.0,31.56,14.44,-6.44,-0.88,0.04652560730507527,-0.3215082992461871,0.31506068201006165,-157.56748354792904,3.254837913384077,-17.798795314151782,-0.1144,-0.9809,0.0284,-0.1547
87,589907.0,537.686112,1.0,2.98,1.73,-8.85,-13.56,-22.0,31.56,14.44,-6.44,-0.88,0.04652560730507527,-0.3215082992461871,0.31506068201006165,-157.56748354792904,3.254837913384077,-17.798795314151782,-0.1144,-0.9809,0.0284,-0.1547
88,589940.0,537.7075769999999,1.0,3.3,1.76,-9.17,-11.38,-22.0,32.5,-11.63,8.63,1.19,0.22388641395825504,-0.3717720208354349,-0.08719457317623737,-157.44996317553057,3.0599582684028324,-17.984399539927896,-0.1146,-0.9807,0.0267,-0.1563
89,589940.0,537.7075769999999,1.0,3.3,1.76,-9.17,-11.38,-22.0,32.5,-11.63,8.63,1.19,0.22388641395825504,-0.3717720208354349,-0.08719457317623737,-157.44996317553057,3.0599582684028324,-17.984399539927896,-0.1146,-0.9807,0.0267,-0.1563
90,589977.0,537.765655,1.0,2.59,1.5,-8.14,-11.75,-20.75,32.38,-29.19,34.63,7.75,-0.244509404607858,-0.5214119246180248,1.1529776722581833,-156.25063177900063,3.2892294003721183,-18.820214993044136,-0.1218,-0.9786,0.0287,-0.1635
91,589977.0,537.765655,1.0,2.59,1.5,-8.14,-11.75,-20.75,32.38,-29.19,34.63,7.75,-0.244509404607858,-0.5214119246180248,1.1529776722581833,-156.25063177900063,3.2892294003721183,-18.820214993044136,-0.1218,-0.9786,0.0287,-0.1635
92,590012.0,537.791867,1.0,4.64,2.6,-9.78,-11.75,-20.75,32.38,-40.94,56.88,8.31,0.7697391867230239,-0.05487640178580702,-1.2993164219261022,-154.27134430279997,3.5299782811888885,-20.378490735265764,-0.1319,-0.9749,0.0308,-0.1769
93,590012.0,537.791867,1.0,4.64,2.6,-9.78,-11.75,-20.75,32.38,-40.94,56.88,8.31,0.7697391867230239,-0.05487640178580702,-1.2993164219261022,-154.27134430279997,3.5299782811888885,-20.378490735265764,-0.1319,-0.9749,0.0308,-0.1769
94,590047.0,537.811964,1.0,3.87,2.16,-8.83,-12.88,-21.56,31.19,-24.19,23.62,9.81,0.1754890440272625,-0.4401072110547787,-0.06183059420516735,-152.3835367338065,3.9541934642266323,-21.753854808314237,-0.1425,-0.9711,0.0345,-0.1887
95,590047.0,537.811964,1.0,3.87,2.16,-8.83,-12.88,-21.56,31.19,-24.19,23.62,9.81,0.1754890440272625,-0.4401072110547787,-0.06183059420516735,-152.3835367338065,3.9541934642266323,-21.753854808314237,-0.1425,-0.9711,0.0345,-0.1887
96,590082.0,537.848139,1.0,3.03,1.63,-8.02,-14.0,-22.69,31.19,-50.19,28.12,22.56,-0.3715985777519624,-0.8505068457737532,1.129279856788136,-151.06981274894218,4.573417240623146,-22.53618284114898,-0.1502,-0.9683,0.0399,-0.1954
97,590082.0,537.848139,1.0,3.03,1.63,-8.02,-14.0,-22.69,31.19,-50.19,28.12,22.56,-0.3715985777519624,-0.8505068457737532,1.129279856788136,-151.06981274894218,4.573417240623146,-22.53618284114898,-0.1502,-0.9683,0.0399,-0.1954
98,590118.0,537.893001,1.0,4.28,3.05,-7.92,-15.5,-23.5,29.56,-89.31,89.0,28.44,0.21198351429084414,0.09815726821847467,0.30440141661907383,-147.23493252348757,5.8467059276897535,-24.80758802606676,-0.1757,-0.9594,0.051,-0.2148
99,590118.0,537.893001,1.0,4.28,3.05,-7.92,-15.5,-23.5,29.56,-89.31,89.0,28.44,0.21198351429084414,0.09815726821847467,0.30440141661907383,-147.23493252348757,5.8467059276897535,-24.80758802606676,-0.1757,-0.9594,0.051,-0.2148
100,590153.0,537.91928,1.0,5.25,3.43,-8.23,-15.5,-23.5,29.56,-88.94,78.56,25.81,0.29196362574614865,-0.2112916524428721,-0.5340662749419405,-142.38248796926192,7.028869316139518,-28.0210345439132,-0.2039,-0.9466,0.0613,-0.2421
101,590153.0,537.91928,1.0,5.25,3.43,-8.23,-15.5,-23.5,29.56,-88.94,78.56,25.81,0.29196362574614865,-0.2112916524428721,-0.5340662749419405,-142.38248796926192,7.028869316139518,-28.0210345439132,-0.2039,-0.9466,0.0613,-0.2421
102,590190.0,537.954979,1.0,5.07,4.47,-7.96,-17.37,-25.0,27.37,-74.5,22.62,16.75,-0.18414990080796256,0.49253902775823,-0.6226785555766927,-140.1031128223946,7.936078336486531,-28.943189564308163,-0.2217,-0.94,0.0692,-0.2499
103,590190.0,537.954979,1.0,5.07,4.47,-7.96,-17.37,-25.0,27.37,-74.5,22.62,16.75,-0.18414990080796256,0.49253902775823,-0.6226785555766927,-140.1031128223946,7.936078336486531,-28.943189564308163,-0.2217,-0.94,0.0692,-0.2499
104,590225.0,537.994732,1.0,5.63,4.73,-7.85,-19.25,-26.06,23.69,-39.56,0.56,14.31,0.2097498396386146,0.5409748130383745,-0.9337248191778508,-138.71555439166974,8.95872400294449,-29.037876869982465,-0.2354,-0.9358,0.0781,-0.2507
105,590225.0,537.994732,1.0,5.63,4.73,-7.85,-19.25,-26.06,23.69,-39.56,0.56,14.31,0.2097498396386146,0.5409748130383745,-0.9337248191778508,-138.71555439166974,8.95872400294449,-29.037876869982465,-0.2354,-0.9358,0.0781,-0.2507
106,590260.0,538.061082,1.0,4.47,3.54,-7.26,-19.25,-26.06,23.69,-20.56,0.69,10.75,-0.24479476612346,-0.29085553834207983,0.583007629531906,-138.3272359651665,9.441564242690683,-29.08522811781525,-0.2383,-0.9346,0.0823,-0.2511
107,590260.0,538.061082,1.0,4.47,3.54,-7.26,-19.25,-26.06,23.69,-20.56,0.69,10.75,-0.24479476612346,-0.29085553834207983,0.583007629531906,-138.3272359651665,9.441564242690683,-29.08522811781525,-0.2383,-0.9346,0.0823,-0.2511
108,590295.0,538.095151,1.0,4.68,3.96,-7.2,-20.0,-26.87,22.06,-24.81,34.06,7.5,-0.322701073732937,-0.046927643234810745,0.3558478217025378,-136.8696299695147,9.821056182581472,-30.057061369867114,-0.2462,-0.93,0.0856,-0.2593
109,590295.0,538.095151,1.0,4.68,3.96,-7.2,-20.0,-26.87,22.06,-24.81,34.06,7.5,-0.322701073732937,-0.046927643234810745,0.3558478217025378,-136.8696299695147,9.821056182581472,-30.057061369867114,-0.2462,-0.93,0.0856,-0.2593
110,590329.0,538.107646,1.0,6.16,4.55,-7.64,-19.56,-27.69,21.56,-19.19,13.56,9.56,0.41833604388838186,0.1825724807859984,-1.001188000434846,-135.85222545366122,10.074110549810433,-30.84087559172584,-0.2507,-0.9267,0.0878,-0.2659
111,590329.0,538.107646,1.0,6.16,4.55,-7.64,-19.56,-27.69,21.56,-19.19,13.56,9.56,0.41833604388838186,0.1825724807859984,-1.001188000434846,-135.85222545366122,10.074110549810433,-30.84087559172584,-0.2507,-0.9267,0.0878,-0.2659
112,590366.0,538.143912,1.0,4.94,3.86,-7.04,-21.5,-27.25,20.37,-6.81,0.37,4.88,-0.15809499997690102,-0.17803196474686098,0.3828444740720212,-135.4877437505904,10.51132121524803,-30.86465043933479,-0.2536,-0.9255,0.0916,-0.2661
113,590366.0,538.143912,1.0,4.94,3.86,-7.04,-21.5,-27.25,20.37,-6.81,0.37,4.88,-0.15809499997690102,-0.17803196474686098,0.3828444740720212,-135.4877437505904,10.51132121524803,-30.86465043933479,-0.2536,-0.9255,0.0916,-0.2661
114,590399.0,538.1872490000002,1.0,5.46,4.37,-7.35,-21.5,-27.25,20.37,-14.06,10.13,4.38,-0.05795334211940473,0.06075323068057281,-0.33849418108974305,-135.03608676528202,10.706964767003905,-31.06679175207397,-0.2564,-0.924,0.0933,-0.2678
115,590399.0,538.1872490000002,1.0,5.46,4.37,-7.35,-21.5,-27.25,20.37,-14.06,10.13,4.38,-0.05795334211940473,0.06075323068057281,-0.33849418108974305,-135.03608676528202,10.706964767003905,-31.06679175207397,-0.2564,-0.924,0.0933,-0.2678
116,590436.0,538.198326,1.0,5.7,3.79,-7.31,-21.5,-27.75,20.75,-1.06,-6.0,8.75,0.30571330494006776,-0.416839470122801,-0.1944991455397478,-134.7671460925717,11.04078222065542,-31.19764186362961,-0.2577,-0.9231,0.0962,-0.2689
117,590436.0,538.198326,1.0,5.7,3.79,-7.31,-21.5,-27.75,20.75,-1.06,-6.0,8.75,0.30571330494006776,-0.416839470122801,-0.1944991455397478,-134.7671460925717,11.04078222065542,-31.19764186362961,-0.2577,-0.9231,0.0962,-0.2689
118,590471.0,538.2387809999999,1.0,5.11,3.99,-7.09,-21.06,-27.37,20.37,-19.12,1.56,5.94,-0.1581096372464348,-0.17931423403405564,0.20232036446152435,-134.5590130176977,11.351662230904264,-31.150055187973557,-0.2597,-0.9224,0.0989,-0.2685
119,590471.0,538.2387809999999,1.0,5.11,3.99,-7.09,-21.06,-27.37,20.37,-19.12,1.56,5.94,-0.1581096372464348,-0.17931423403405564,0.20232036446152435,-134.5590130176977,11.351662230904264,-31.150055187973557,-0.2597,-0.9224,0.0989,-0.2685
120,590505.0,538.285312,1.0,5.79,4.88,-7.18,-21.06,-27.37,20.37,-20.06,10.25,6.63,0.012322074012282249,0.4309079711023664,-0.6195221876694781,-133.73534909546765,11.674144907935558,-31.459467480314125,-0.2659,-0.9196,0.1017,-0.2711
121,590505.0,538.285312,1.0,5.79,4.88,-7.18,-21.06,-27.37,20.37,-20.06,10.25,6.63,0.012322074012282249,0.4309079711023664,-0.6195221876694781,-133.73534909546765,11.674144907935558,-31.459467480314125,-0.2659,-0.9196,0.1017,-0.2711
122,590540.0,538.310913,1.0,5.16,4.03,-6.88,-21.06,-28.19,19.56,2.19,17.62,2.88,-0.15485939542075974,-0.17650775591985496,0.3121377123809008,-133.3576107786115,11.639588800101585,-31.82869013670581,-0.2669,-0.9183,0.1014,-0.2742
123,590540.0,538.310913,1.0,5.16,4.03,-6.88,-21.06,-28.19,19.56,2.19,17.62,2.88,-0.15485939542075974,-0.17650775591985496,0.3121377123809008,-133.3576107786115,11.639588800101585,-31.82869013670581,-0.2669,-0.9183,0.1014,-0.2742
124,590577.0,538.367991,1.0,5.36,4.0,-6.88,-21.19,-27.75,20.75,-3.25,45.13,1.44,-0.2009494614969829,-0.27414223691893025,0.21767375913563924,-132.29797094336487,11.224997424028942,-33.32098517464778,-0.268,-0.9146,0.0978,-0.2867
125,590577.0,538.367991,1.0,5.36,4.0,-6.88,-21.19,-27.75,20.75,-3.25,45.13,1.44,-0.2009494614969829,-0.27414223691893025,0.21767375913563924,-132.29797094336487,11.224997424028942,-33.32098517464778,-0.268,-0.9146,0.0978,-0.2867
126,590612.0,538.391557,1.0,6.22,4.52,-6.98,-21.19,-27.75,20.75,-10.0,11.13,1.5,0.1669603909654085,0.05651165092057143,-0.5764194238822711,-131.59437695002578,11.178940913568928,-33.991407904492696,-0.2703,-0.9121,0.0974,-0.2923
127,590612.0,538.391557,1.0,6.22,4.52,-6.98,-21.19,-27.75,20.75,-10.0,11.13,1.5,0.1669603909654085,0.05651165092057143,-0.5764194238822711,-131.59437695002578,11.178940913568928,-33.991407904492696,-0.2703,-0.9121,0.0974,-0.2923
128,590645.0,538.409386,1.0,5.54,3.91,-6.72,-22.25,-28.75,19.06,-3.0,11.31,4.38,-0.12093568481473982,-0.35810939366825684,0.2675078885570148,-131.1767984012427,11.213483126166134,-34.39903434859307,-0.2716,-0.9106,0.0977,-0.2957
129,590645.0,538.409386,1.0,5.54,3.91,-6.72,-22.25,-28.75,19.06,-3.0,11.31,4.38,-0.12093568481473982,-0.35810939366825684,0.2675078885570148,-131.1767984012427,11.213483126166134,-34.39903434859307,-0.2716,-0.9106,0.0977,-0.2957
130,590682.0,538.4459429999998,1.0,6.1,4.31,-6.82,-23.0,-28.37,19.56,-8.56,10.63,6.0,0.0728467727166846,-0.12846840659649628,-0.30654381878006554,-130.6800872399157,11.236511835589647,-34.831128724414064,-0.2739,-0.9088,0.0979,-0.2993
131,590682.0,538.4459429999998,1.0,6.1,4.31,-6.82,-23.0,-28.37,19.56,-8.56,10.63,6.0,0.0728467727166846,-0.12846840659649628,-0.30654381878006554,-130.6800872399157,11.236511835589647,-34.831128724414064,-0.2739,-0.9088,0.0979,-0.2993
132,590716.0,538.484977,1.0,6.36,4.04,-6.9,-23.0,-27.69,17.06,-11.25,4.31,4.56,0.28274246087605537,-0.43908294566184897,-0.3967054710029938,-130.18802216268048,11.547444362906596,-35.04736729747761,-0.2766,-0.907,0.1006,-0.3011
133,590716.0,538.484977,1.0,6.36,4.04,-6.9,-23.0,-27.69,17.06,-11.25,4.31,4.56,0.28274246087605537,-0.43908294566184897,-0.3967054710029938,-130.18802216268048,11.547444362906596,-35.04736729747761,-0.2766,-0.907,0.1006,-0.3011
134,590751.0,538.53683,1.0,5.68,4.16,-6.63,-23.0,-27.69,17.06,-15.06,-2.5,7.56,-0.17206740664634212,-0.23831382177225915,0.14029084414807613,-129.9436888935972,11.869983070722633,-34.97527349807247,-0.2795,-0.9061,0.1034,-0.3005
135,590751.0,538.53683,1.0,5.68,4.16,-6.63,-23.0,-27.69,17.06,-15.06,-2.5,7.56,-0.17206740664634212,-0.23831382177225915,0.14029084414807613,-129.9436888935972,11.869983070722633,-34.97527349807247,-0.2795,-0.9061,0.1034,-0.3005
136,590788.0,538.587578,1.0,6.14,4.59,-6.54,-23.0,-27.69,18.37,-11.5,0.81,8.88,0.047282929437498566,0.1166347655731036,-0.26923510534154005,-129.43150224575868,12.261764386292771,-35.07140174532199,-0.2832,-0.9042,0.1068,-0.3013
137,590788.0,538.587578,1.0,6.14,4.59,-6.54,-23.0,-27.69,18.37,-11.5,0.81,8.88,0.047282929437498566,0.1166347655731036,-0.26923510534154005,-129.43150224575868,12.261764386292771,-35.07140174532199,-0.2832,-0.9042,0.1068,-0.3013
138,590823.0,538.684486,1.0,6.29,4.29,-6.64,-23.0,-28.37,16.56,-8.75,-3.0,5.69,0.2186368077892067,-0.19571622717399373,-0.2914534409784366,-129.27076347961943,12.561458728935325,-35.03535067049245,-0.2847,-0.9036,0.1094,-0.301
139,590823.0,538.684486,1.0,6.29,4.29,-6.64,-23.0,-28.37,16.56,-8.75,-3.0,5.69,0.2186368077892067,-0.19571622717399373,-0.2914534409784366,-129.27076347961943,12.561458728935325,-35.03535067049245,-0.2847,-0.9036,0.1094,-0.301
140,590856.0,538.73453,1.0,5.58,4.05,-6.46,-23.0,-28.37,16.56,-21.56,6.69,5.06,-0.20094990368714827,-0.3715259292522053,0.3677894956752645,-128.73836728652063,12.918899554710151,-35.131494837214326,-0.2888,-0.9016,0.1125,-0.3018
141,590856.0,538.73453,1.0,5.58,4.05,-6.46,-23.0,-28.37,16.56,-21.56,6.69,5.06,-0.20094990368714827,-0.3715259292522053,0.3677894956752645,-128.73836728652063,12.918899554710151,-35.131494837214326,-0.2888,-0.9016,0.1125,-0.3018
142,590893.0,538.747425,1.0,6.81,5.0,-6.76,-22.56,-28.37,17.87,-24.19,7.06,10.06,0.20433304819270548,0.15376255073026626,-1.0103877221959046,-128.05386288415187,13.103434321670447,-35.44414023991489,-0.2934,-0.899,0.1141,-0.3044
143,590893.0,538.747425,1.0,6.81,5.0,-6.76,-22.56,-28.37,17.87,-24.19,7.06,10.06,0.20433304819270548,0.15376255073026626,-1.0103877221959046,-128.05386288415187,13.103434321670447,-35.44414023991489,-0.2934,-0.899,0.1141,-0.3044
144,590929.0,538.756759,1.0,5.84,3.84,-6.34,-23.75,-28.75,16.25,-15.19,-3.88,13.38,0.0684161645702277,-0.5953662841403333,0.3892374988862013,-127.58485235552216,13.680327762024126,-35.408051904136364,-0.2972,-0.8972,0.1191,-0.3041
145,590929.0,538.756759,1.0,5.84,3.84,-6.34,-23.75,-28.75,16.25,-15.19,-3.88,13.38,0.0684161645702277,-0.5953662841403333,0.3892374988862013,-127.58485235552216,13.680327762024126,-35.408051904136364,-0.2972,-0.8972,0.1191,-0.3041
146,590964.0,538.784433,1.0,6.1,4.58,-6.38,-23.75,-28.75,16.25,-25.94,2.69,9.75,-0.06378805798346221,-0.09633323695496644,-0.1370641446803731,-127.01685959928787,14.199829470388696,-35.39602326525133,-0.3021,-0.895,0.1236,-0.304
147,590964.0,538.784433,1.0,6.1,4.58,-6.38,-23.75,-28.75,16.25,-25.94,2.69,9.75,-0.06378805798346221,-0.09633323695496644,-0.1370641446803731,-127.01685959928787,14.199829470388696,-35.39602326525133,-0.3021,-0.895,0.1236,-0.304
148,590997.0,538.797308,1.0,6.5,4.56,-6.49,-24.06,-28.37,16.19,-21.0,-0.31,6.69,0.17377500952034586,-0.2644491050134813,-0.44340214215634255,-126.30202625936262,14.7196246947995,-35.43211039129503,-0.3082,-0.8922,0.1281,-0.3043
149,590997.0,538.797308,1.0,6.5,4.56,-6.49,-24.06,-28.37,16.19,-21.0,-0.31,6.69,0.17377500952034586,-0.2644491050134813,-0.44340214215634255,-126.30202625936262,14.7196246947995,-35.43211039129503,-0.3082,-0.8922,0.1281,-0.3043
150,591032.0,538.801743,1.0,5.9,5.03,-5.95,-24.5,-28.75,16.56,-23.56,-2.38,7.81,-0.2535375213283402,0.3443689528369804,0.0429146108366556,-125.821937957947,15.135679738336453,-35.34791273696944,-0.3128,-0.8903,0.1317,-0.3036
151,591032.0,538.801743,1.0,5.9,5.03,-5.95,-24.5,-28.75,16.56,-23.56,-2.38,7.81,-0.2535375213283402,0.3443689528369804,0.0429146108366556,-125.821937957947,15.135679738336453,-35.34791273696944,-0.3128,-0.8903,0.1317,-0.3036
152,591069.0,538.836186,1.0,6.71,5.08,-6.23,-25.25,-28.75,15.38,-7.75,4.38,7.25,0.16851935993892608,0.1833808484812744,-0.6614621836621577,-125.24598763170715,15.598198868035936,-35.52836049051285,-0.3163,-0.888,0.1357,-0.3051
153,591069.0,538.836186,1.0,6.71,5.08,-6.23,-25.25,-28.75,15.38,-7.75,4.38,7.25,0.16851935993892608,0.1833808484812744,-0.6614621836621577,-125.24598763170715,15.598198868035936,-35.52836049051285,-0.3163,-0.888,0.1357,-0.3051
154,591104.0,538.890735,1.0,5.92,4.58,-6.04,-25.25,-28.75,15.38,-1.81,-1.19,9.63,-0.17746408746217754,-0.09665256916112984,0.1908523326956484,-125.07180537967443,15.968397992715149,-35.612600576556765,-0.316,-0.8873,0.1389,-0.3058
155,591104.0,538.890735,1.0,5.92,4.58,-6.04,-25.25,-28.75,15.38,-1.81,-1.19,9.63,-0.17746408746217754,-0.09665256916112984,0.1908523326956484,-125.07180537967443,15.968397992715149,-35.612600576556765,-0.316,-0.8873,0.1389,-0.3058
156,591140.0,538.915522,1.0,6.25,3.82,-6.48,-24.87,-28.37,13.69,-5.31,9.19,11.75,0.15733356427215694,-0.9415299422125952,0.0735072640965253,-124.74966789127242,16.350341655632345,-35.841352697842005,-0.3164,-0.8859999999999999,0.1422,-0.3077
157,591140.0,538.915522,1.0,6.25,3.82,-6.48,-24.87,-28.37,13.69,-5.31,9.19,11.75,0.15733356427215694,-0.9415299422125952,0.0735072640965253,-124.74966789127242,16.350341655632345,-35.841352697842005,-0.3164,-0.8859999999999999,0.1422,-0.3077
158,591175.0,538.960637,1.0,6.78,4.75,-6.22,-25.25,-28.37,13.75,-26.06,7.06,10.44,0.1993286663697038,-0.10631463424652032,-0.5455606470699408,-124.06164029835844,16.79038251334145,-36.09435595913239,-0.3203,-0.8832,0.146,-0.3098
159,591175.0,538.960637,1.0,6.78,4.75,-6.22,-25.25,-28.37,13.75,-26.06,7.06,10.44,0.1993286663697038,-0.10631463424652032,-0.5455606470699408,-124.06164029835844,16.79038251334145,-36.09435595913239,-0.3203,-0.8832,0.146,-0.3098
160,591210.0,538.990928,1.0,5.88,4.95,-5.62,-25.25,-28.37,13.75,-18.25,-0.94,12.69,-0.34359011198576805,0.2911925671338052,0.2956851318180327,-123.33299743586115,17.381357078894993,-36.08230406752302,-0.3263,-0.8802,0.1511,-0.3097
161,591210.0,538.990928,1.0,5.88,4.95,-5.62,-25.25,-28.37,13.75,-18.25,-0.94,12.69,-0.34359011198576805,0.2911925671338052,0.2956851318180327,-123.33299743586115,17.381357078894993,-36.08230406752302,-0.3263,-0.8802,0.1511,-0.3097
162,591243.0,539.032708,1.0,6.3,4.55,-6.08,-25.25,-28.5,15.0,-9.19,7.06,18.62,-0.13031550505215028,-0.3225824306585887,-0.05427584114561945,-122.6606000192726,18.019205613951,-36.40785062374676,-0.3288,-0.8774,0.1566,-0.3124
163,591243.0,539.032708,1.0,6.3,4.55,-6.08,-25.25,-28.5,15.0,-9.19,7.06,18.62,-0.13031550505215028,-0.3225824306585887,-0.05427584114561945,-122.6606000192726,18.019205613951,-36.40785062374676,-0.3288,-0.8774,0.1566,-0.3124
164,591280.0,539.065865,1.0,7.08,4.52,-6.15,-26.37,-28.75,13.75,-19.5,7.94,12.56,0.3633982525450676,-0.38979158980439055,-0.5902391610214329,-121.99534211175566,18.49505809550988,-36.70955398535576,-0.3318,-0.8746,0.1607,-0.3149
165,591280.0,539.065865,1.0,7.08,4.52,-6.15,-26.37,-28.75,13.75,-19.5,7.94,12.56,0.3633982525450676,-0.38979158980439055,-0.5902391610214329,-121.99534211175566,18.49505809550988,-36.70955398535576,-0.3318,-0.8746,0.1607,-0.3149
166,591314.0,539.083603,1.0,6.21,4.83,-5.54,-26.37,-28.75,13.75,-24.94,2.44,6.75,-0.19720396559736475,0.1040710353517042,0.1871448248075893,-121.3603761475579,18.88991127772655,-36.73370161256758,-0.3369,-0.8719,0.1641,-0.3151
167,591314.0,539.083603,1.0,6.21,4.83,-5.54,-26.37,-28.75,13.75,-24.94,2.44,6.75,-0.19720396559736475,0.1040710353517042,0.1871448248075893,-121.3603761475579,18.88991127772655,-36.73370161256758,-0.3369,-0.8719,0.1641,-0.3151
168,591349.0,539.138154,1.0,7.4,6.0,-5.78,-27.06,-29.19,12.88,-2.63,-0.06,7.31,-0.05639798015784603,0.7921729358598781,-1.308100618323623,-120.75479321636242,19.319861939553064,-36.86654380200172,-0.3409,-0.8693,0.1678,-0.3162
169,591349.0,539.138154,1.0,7.4,6.0,-5.78,-27.06,-29.19,12.88,-2.63,-0.06,7.31,-0.05639798015784603,0.7921729358598781,-1.308100618323623,-120.75479321636242,19.319861939553064,-36.86654380200172,-0.3409,-0.8693,0.1678,-0.3162
170,591384.0,539.183608,1.0,6.49,4.25,-5.7,-26.75,-28.19,11.69,3.63,-2.69,9.19,0.1674643818185011,-0.4242252167333984,0.19079909400579,-120.73161403507065,19.691932497848974,-36.85446512108432,-0.3396,-0.8692,0.171,-0.3161
171,591384.0,539.183608,1.0,6.49,4.25,-5.7,-26.75,-28.19,11.69,3.63,-2.69,9.19,0.1674643818185011,-0.4242252167333984,0.19079909400579,-120.73161403507065,19.691932497848974,-36.85446512108432,-0.3396,-0.8692,0.171,-0.3161
172,591421.0,539.197666,1.0,6.64,4.0,-6.06,-27.06,-28.5,13.0,-17.81,0.37,4.19,0.23539248887684305,-0.8687929194984237,0.008538486080096773,-120.43103091016366,19.95948754584176,-36.87862290728264,-0.3416,-0.8679,0.1733,-0.3163
173,591421.0,539.197666,1.0,6.64,4.0,-6.06,-27.06,-28.5,13.0,-17.81,0.37,4.19,0.23539248887684305,-0.8687929194984237,0.008538486080096773,-120.43103091016366,19.95948754584176,-36.87862290728264,-0.3416,-0.8679,0.1733,-0.3163
174,591454.0,539.257489,1.0,6.7,5.47,-5.53,-27.06,-28.5,13.0,-23.94,-3.25,0.0,-0.2363991139022384,0.4439505255248734,-0.4470724162658346,-119.87969568097151,20.308637900960072,-36.63712122701613,-0.3478,-0.8655,0.1763,-0.3143
175,591454.0,539.257489,1.0,6.7,5.47,-5.53,-27.06,-28.5,13.0,-23.94,-3.25,0.0,-0.2363991139022384,0.4439505255248734,-0.4470724162658346,-119.87969568097151,20.308637900960072,-36.63712122701613,-0.3478,-0.8655,0.1763,-0.3143
176,591491.0,539.287826,1.0,6.56,4.96,-5.59,-26.37,-29.25,13.0,-3.0,-1.25,5.5,-0.10073002791331208,0.02129155969660224,-0.13682525420374425,-119.81110097439957,20.366848065448238,-36.63712122701613,-0.3486,-0.8652,0.1768,-0.3143
177,591491.0,539.287826,1.0,6.56,4.96,-5.59,-26.37,-29.25,13.0,-3.0,-1.25,5.5,-0.10073002791331208,0.02129155969660224,-0.13682525420374425,-119.81110097439957,20.366848065448238,-36.63712122701613,-0.3486,-0.8652,0.1768,-0.3143
178,591525.0,539.305161,1.0,6.67,4.55,-5.67,-27.87,-29.19,13.0,-2.5,2.13,6.0,0.13481549155586814,-0.3222820689928976,-0.053282000335610036,-119.58296175366009,20.55315637010219,-36.73370161256758,-0.3493,-0.8642,0.1784,-0.3151
179,591525.0,539.305161,1.0,6.67,4.55,-5.67,-27.87,-29.19,13.0,-2.5,2.13,6.0,0.13481549155586814,-0.3222820689928976,-0.053282000335610036,-119.58296175366009,20.55315637010219,-36.73370161256758,-0.3493,-0.8642,0.1784,-0.3151
180,591560.0,539.346398,1.0,6.43,4.96,-5.56,-27.87,-29.19,13.0,-13.44,5.0,3.25,-0.23553201196778065,-0.02399236335137389,-0.032254869843958645,-119.26487102928002,20.69292362085707,-36.83030903162441,-0.3515,-0.8628,0.1796,-0.3159
181,591560.0,539.346398,1.0,6.43,4.96,-5.56,-27.87,-29.19,13.0,-13.44,5.0,3.25,-0.23553201196778065,-0.02399236335137389,-0.032254869843958645,-119.26487102928002,20.69292362085707,-36.83030903162441,-0.3515,-0.8628,0.1796,-0.3159
182,591595.0,539.388434,1.0,6.92,5.41,-5.49,-27.5,-28.06,11.69,-8.31,4.38,1.75,-0.11410688849484972,0.3214995551928697,-0.5460413241924122,-118.8580978383618,20.856024774540764,-36.93902480540506,-0.3543,-0.861,0.18100000000000002,-0.3168
183,591595.0,539.388434,1.0,6.92,5.41,-5.49,-27.5,-28.06,11.69,-8.31,4.38,1.75,-0.11410688849484972,0.3214995551928697,-0.5460413241924122,-118.8580978383618,20.856024774540764,-36.93902480540506,-0.3543,-0.861,0.18100000000000002,-0.3168
184,591630.0,539.395502,1.0,6.67,5.0,-5.49,-27.06,-28.75,12.19,-1.56,0.63,2.44,-0.08584574887373897,0.016657774517127355,-0.17439969559557156,-118.81305169988,20.856024774540764,-36.98735398071332,-0.3543,-0.8608,0.18100000000000002,-0.3172
185,591630.0,539.395502,1.0,6.67,5.0,-5.49,-27.06,-28.75,12.19,-1.56,0.63,2.44,-0.08584574887373897,0.016657774517127355,-0.17439969559557156,-118.81305169988,20.856024774540764,-36.98735398071332,-0.3543,-0.8608,0.18100000000000002,-0.3172
186,591667.0,539.4412990000002,1.0,6.76,5.51,-5.43,-27.06,-28.75,12.19,2.25,-0.69,-1.75,-0.2709042877117658,0.4167448235024076,-0.45471124590608797,-118.81305169988,20.867676487915002,-36.999437339480345,-0.3543,-0.8608,0.1811,-0.3173
187,591667.0,539.4412990000002,1.0,6.76,5.51,-5.43,-27.06,-28.75,12.19,2.25,-0.69,-1.75,-0.2709042877117658,0.4167448235024076,-0.45471124590608797,-118.81305169988,20.867676487915002,-36.999437339480345,-0.3543,-0.8608,0.1811,-0.3173
188,591699.0,539.48582,1.0,6.57,4.96,-5.79,-27.87,-28.75,10.88,17.56,-25.06,-10.69,-0.17397172955561624,-0.15109127094447872,-0.25503501122748595,-119.56019073883043,20.669626923426364,-36.504367169981776,-0.35100000000000003,-0.8641,0.1794,-0.3132
189,591699.0,539.48582,1.0,6.57,4.96,-5.79,-27.87,-28.75,10.88,17.56,-25.06,-10.69,-0.17397172955561624,-0.15109127094447872,-0.25503501122748595,-119.56019073883043,20.669626923426364,-36.504367169981776,-0.35100000000000003,-0.8641,0.1794,-0.3132
190,591734.0,539.508637,1.0,6.36,4.86,-5.4,-27.87,-28.75,12.56,38.69,-8.81,-3.69,-0.02436932932197333,0.2421975960926748,0.15419194724290008,-120.89404187117351,20.343563363128432,-36.01000138130928,-0.3412,-0.8699,0.1766,-0.3091
191,591734.0,539.508637,1.0,6.36,4.86,-5.4,-27.87,-28.75,12.56,38.69,-8.81,-3.69,-0.02436932932197333,0.2421975960926748,0.15419194724290008,-120.89404187117351,20.343563363128432,-36.01000138130928,-0.3412,-0.8699,0.1766,-0.3091
192,591771.0,539.566961,1.0,6.53,4.42,-6.48,-26.37,-28.75,13.0,29.37,-93.5,-0.94,0.12573466269601985,-0.5287179334554609,-0.3851284582201053,-122.70838865597605,20.69292362085707,-34.339061261923746,-0.3322,-0.8776,0.1796,-0.2952
193,591771.0,539.566961,1.0,6.53,4.42,-6.48,-26.37,-28.75,13.0,29.37,-93.5,-0.94,0.12573466269601985,-0.5287179334554609,-0.3851284582201053,-122.70838865597605,20.69292362085707,-34.339061261923746,-0.3322,-0.8776,0.1796,-0.2952
194,591806.0,539.591815,1.0,5.39,4.2,-6.43,-26.37,-28.75,13.0,41.06,-109.62,4.0,-0.15897751532233562,-0.2480198123295408,0.4284725479406752,-126.22595924751906,21.753854808314237,-30.84087559172584,-0.3134,-0.8919,0.1887,-0.2659
195,591806.0,539.591815,1.0,5.39,4.2,-6.43,-26.37,-28.75,13.0,41.06,-109.62,4.0,-0.15897751532233562,-0.2480198123295408,0.4284725479406752,-126.22595924751906,21.753854808314237,-30.84087559172584,-0.3134,-0.8919,0.1887,-0.2659
196,591843.0,539.611017,1.0,6.78,5.58,-7.39,-26.75,-27.69,16.69,40.94,-82.69,-21.56,0.2597368555101749,0.7424361272272997,-1.6431633331018762,-128.55324310023371,21.742186134206424,-28.777535311725245,-0.3018,-0.9009,0.1886,-0.2485
197,591843.0,539.611017,1.0,6.78,5.58,-7.39,-26.75,-27.69,16.69,40.94,-82.69,-21.56,0.2597368555101749,0.7424361272272997,-1.6431633331018762,-128.55324310023371,21.742186134206424,-28.777535311725245,-0.3018,-0.9009,0.1886,-0.2485
198,591878.0,539.662874,1.0,4.32,2.74,-6.02,-24.06,-27.25,18.0,74.25,-96.06,-1.12,0.452712126028139,-0.4592918100162013,1.9329912085486496,-132.49673400768697,21.893896745024186,-25.841133562817532,-0.276,-0.9153,0.1899,-0.2236
199,591878.0,539.662874,1.0,4.32,2.74,-6.02,-24.06,-27.25,18.0,74.25,-96.06,-1.12,0.452712126028139,-0.4592918100162013,1.9329912085486496,-132.49673400768697,21.893896745024186,-25.841133562817532,-0.276,-0.9153,0.1899,-0.2236
200,591912.0,539.698992,1.0,5.22,3.89,-8.37,-24.06,-27.25,18.0,-8.0,-85.19,-1.5,0.3153128693630145,-0.4811353724309095,-0.7813850654788528,-134.05726525899885,22.64135196781312,-23.41318918903326,-0.2696,-0.9207,0.1963,-0.2029
201,591912.0,539.698992,1.0,5.22,3.89,-8.37,-24.06,-27.25,18.0,-8.0,-85.19,-1.5,0.3153128693630145,-0.4811353724309095,-0.7813850654788528,-134.05726525899885,22.64135196781312,-23.41318918903326,-0.2696,-0.9207,0.1963,-0.2029
202,591947.0,539.712134,1.0,4.13,4.59,-7.61,-23.0,-27.25,22.19,-6.75,-65.06,-11.19,-0.3274999062515089,0.3699377690019188,0.019260671968179814,-135.42727196097036,22.93359014513587,-20.786119068432164,-0.2679,-0.9253,0.1988,-0.1804
203,591947.0,539.712134,1.0,4.13,4.59,-7.61,-23.0,-27.25,22.19,-6.75,-65.06,-11.19,-0.3274999062515089,0.3699377690019188,0.019260671968179814,-135.42727196097036,22.93359014513587,-20.786119068432164,-0.2679,-0.9253,0.1988,-0.1804
204,591982.0,539.7465030000002,1.0,4.18,3.61,-7.15,-20.75,-26.56,23.37,56.75,0.81,-12.75,0.33715171613283657,0.028126128371586345,0.7782205883464126,-136.65191882638644,22.325902171258928,-20.4134200209308,-0.2598,-0.9293,0.1936,-0.1772
205,591982.0,539.7465030000002,1.0,4.18,3.61,-7.15,-20.75,-26.56,23.37,56.75,0.81,-12.75,0.33715171613283657,0.028126128371586345,0.7782205883464126,-136.65191882638644,22.325902171258928,-20.4134200209308,-0.2598,-0.9293,0.1936,-0.1772
206,592019.0,539.792184,1.0,4.49,3.07,-8.29,-20.06,-26.56,23.87,4.94,-2.25,-4.69,0.5369758043157666,-0.8093536626419939,-0.06075612493209447,-137.3712305266047,22.057320868979353,-20.623036118505983,-0.252,-0.9316,0.1913,-0.179
207,592019.0,539.792184,1.0,4.49,3.07,-8.29,-20.06,-26.56,23.87,4.94,-2.25,-4.69,0.5369758043157666,-0.8093536626419939,-0.06075612493209447,-137.3712305266047,22.057320868979353,-20.623036118505983,-0.252,-0.9316,0.1913,-0.179
208,592052.0,539.814851,1.0,4.39,3.96,-8.05,-20.06,-26.56,23.87,-4.63,-3.88,-3.63,0.14996850037259699,-0.03402204697942585,-0.1799686444269195,-137.30822333899698,22.01062364188303,-20.436707276203283,-0.2543,-0.9314,0.1909,-0.1774
209,592052.0,539.814851,1.0,4.39,3.96,-8.05,-20.06,-26.56,23.87,-4.63,-3.88,-3.63,0.14996850037259699,-0.03402204697942585,-0.1799686444269195,-137.30822333899698,22.01062364188303,-20.436707276203283,-0.2543,-0.9314,0.1909,-0.1774
210,592089.0,539.866014,1.0,4.45,5.4,-8.19,-20.37,-26.56,24.69,-2.06,-23.44,-15.38,-0.32896449299547603,1.051020100177129,-0.9090272586417464,-137.5924585129037,21.917240280609395,-19.66867198617123,-0.2559,-0.9323,0.1901,-0.1708
211,592089.0,539.866014,1.0,4.45,5.4,-8.19,-20.37,-26.56,24.69,-2.06,-23.44,-15.38,-0.32896449299547603,1.051020100177129,-0.9090272586417464,-137.5924585129037,21.917240280609395,-19.66867198617123,-0.2559,-0.9323,0.1901,-0.1708
212,592123.0,539.9015919999998,1.0,3.58,2.47,-7.65,-20.0,-26.56,24.19,54.63,-17.81,-2.63,0.35270477885669993,-1.0333892953014685,1.0746682144413509,-138.84577222800962,21.602179804976906,-19.343110284151184,-0.2452,-0.9362,0.1874,-0.168
213,592123.0,539.9015919999998,1.0,3.58,2.47,-7.65,-20.0,-26.56,24.19,54.63,-17.81,-2.63,0.35270477885669993,-1.0333892953014685,1.0746682144413509,-138.84577222800962,21.602179804976906,-19.343110284151184,-0.2452,-0.9362,0.1874,-0.168
214,592158.0,539.9394900000002,1.0,4.24,3.69,-8.58,-20.0,-26.56,24.19,-20.12,-18.94,-7.44,0.30008115349663433,-0.2590101185443236,-0.44288487041279545,-139.5028685781741,21.57884859507936,-18.669230437467,-0.2419,-0.9382,0.1872,-0.1622
215,592158.0,539.9394900000002,1.0,4.24,3.69,-8.58,-20.0,-26.56,24.19,-20.12,-18.94,-7.44,0.30008115349663433,-0.2590101185443236,-0.44288487041279545,-139.5028685781741,21.57884859507936,-18.669230437467,-0.2419,-0.9382,0.1872,-0.1622
216,592193.0,539.985909,1.0,3.57,4.55,-8.17,-19.25,-25.75,25.87,2.56,-18.44,-12.06,-0.4502203940812517,0.4522212016792346,-0.18279931322568288,-139.70199765652578,21.43888030792546,-18.019205613951,-0.2438,-0.9388,0.18600000000000005,-0.1566
217,592193.0,539.985909,1.0,3.57,4.55,-8.17,-19.25,-25.75,25.87,2.56,-18.44,-12.06,-0.4502203940812517,0.4522212016792346,-0.18279931322568288,-139.70199765652578,21.43888030792546,-18.019205613951,-0.2438,-0.9388,0.18600000000000005,-0.1566
218,592230.0,540.016654,1.0,3.85,2.44,-8.46,-18.5,-25.75,26.37,25.81,-1.69,5.0,0.6319530756945013,-1.1355440951296738,0.2851545860360556,-140.78037862226373,21.263965423591053,-17.856791554733764,-0.2333,-0.9420000000000001,0.1845,-0.1552
219,592230.0,540.016654,1.0,3.85,2.44,-8.46,-18.5,-25.75,26.37,25.81,-1.69,5.0,0.6319530756945013,-1.1355440951296738,0.2851545860360556,-140.78037862226373,21.263965423591053,-17.856791554733764,-0.2333,-0.9420000000000001,0.1845,-0.1552
220,592265.0,540.050519,1.0,4.25,4.49,-8.78,-18.5,-25.75,26.37,-22.19,-12.75,-4.44,0.11103907557935956,0.4583429772490221,-0.9212851246594019,-140.64403039131906,21.34558610673021,-17.578451378167774,-0.23600000000000002,-0.9416,0.1852,-0.1528
221,592265.0,540.050519,1.0,4.25,4.49,-8.78,-18.5,-25.75,26.37,-22.19,-12.75,-4.44,0.11103907557935956,0.4583429772490221,-0.9212851246594019,-140.64403039131906,21.34558610673021,-17.578451378167774,-0.23600000000000002,-0.9416,0.1852,-0.1528
222,592300.0,540.086582,1.0,3.32,3.75,-7.97,-18.06,-24.25,27.06,10.69,-15.44,-2.13,-0.13348593174018664,0.04334740114480271,0.3946309547132003,-141.05445058328866,21.34558610673021,-16.894639006068054,-0.235,-0.9428,0.1852,-0.1469
223,592300.0,540.086582,1.0,3.32,3.75,-7.97,-18.06,-24.25,27.06,10.69,-15.44,-2.13,-0.13348593174018664,0.04334740114480271,0.3946309547132003,-141.05445058328866,21.34558610673021,-16.894639006068054,-0.235,-0.9428,0.1852,-0.1469
224,592334.0,540.0963019999998,1.0,3.41,4.05,-8.41,-18.19,-25.87,25.87,-5.44,-16.37,-2.13,-0.16865928502659888,0.13535685121293495,-0.12873789219646348,-141.3650146581067,21.415555412105128,-16.29245975343786,-0.2342,-0.9437,0.1858,-0.1417
225,592334.0,540.0963019999998,1.0,3.41,4.05,-8.41,-18.19,-25.87,25.87,-5.44,-16.37,-2.13,-0.16865928502659888,0.13535685121293495,-0.12873789219646348,-141.3650146581067,21.415555412105128,-16.29245975343786,-0.2342,-0.9437,0.1858,-0.1417
226,592371.0,540.161168,1.0,3.76,3.1,-8.28,-18.06,-25.87,27.19,10.94,-16.12,1.69,0.6003493322127416,-0.389379728676579,0.2257333368509329,-141.81789497427926,21.473869337236096,-15.968397992715149,-0.2301,-0.945,0.1863,-0.1389
227,592371.0,540.161168,1.0,3.76,3.1,-8.28,-18.06,-25.87,27.19,10.94,-16.12,1.69,0.6003493322127416,-0.389379728676579,0.2257333368509329,-141.81789497427926,21.473869337236096,-15.968397992715149,-0.2301,-0.945,0.1863,-0.1389
228,592406.0,540.183833,1.0,3.26,3.85,-8.45,-18.06,-25.87,27.19,-14.38,-16.81,-2.94,-0.06260143635768213,-0.008841958605639716,-0.034518776112625105,-141.88802849828062,21.625511921173292,-15.205041610922965,-0.2322,-0.9452,0.1876,-0.1323
229,592406.0,540.183833,1.0,3.26,3.85,-8.45,-18.06,-25.87,27.19,-14.38,-16.81,-2.94,-0.06260143635768213,-0.008841958605639716,-0.034518776112625105,-141.88802849828062,21.625511921173292,-15.205041610922965,-0.2322,-0.9452,0.1876,-0.1323
230,592443.0,540.208234,1.0,3.22,3.77,-8.26,-17.0,-26.25,28.0,-3.88,-12.5,4.56,0.023219813945475343,0.019543553731012568,0.17296021416259674,-141.95828650840244,21.71884947041321,-14.823619947246295,-0.2323,-0.9454,0.1884,-0.129
231,592443.0,540.208234,1.0,3.22,3.77,-8.26,-17.0,-26.25,28.0,-3.88,-12.5,4.56,0.023219813945475343,0.019543553731012568,0.17296021416259674,-141.95828650840244,21.71884947041321,-14.823619947246295,-0.2323,-0.9454,0.1884,-0.129
232,592478.0,540.2444849999998,1.0,3.56,3.7,-9.01,-17.5,-25.5,27.19,1.75,-18.12,0.44,0.3301072080812504,-0.26048250956622865,-0.5551489795876119,-142.09917876057762,22.01062364188303,-14.222925164993965,-0.2317,-0.9458,0.1909,-0.1238
233,592478.0,540.2444849999998,1.0,3.56,3.7,-9.01,-17.5,-25.5,27.19,1.75,-18.12,0.44,0.3301072080812504,-0.26048250956622865,-0.5551489795876119,-142.09917876057762,22.01062364188303,-14.222925164993965,-0.2317,-0.9458,0.1909,-0.1238
234,592513.0,540.285058,1.0,2.67,3.75,-7.97,-17.5,-25.5,27.19,0.81,-18.69,-3.75,-0.2574453466958191,0.07395867401117967,0.6066199996139563,-142.45363711540872,22.068995754971112,-13.645704477358525,-0.2296,-0.9468,0.1914,-0.1188
235,592513.0,540.285058,1.0,2.67,3.75,-7.97,-17.5,-25.5,27.19,0.81,-18.69,-3.75,-0.2574453466958191,0.07395867401117967,0.6066199996139563,-142.45363711540872,22.068995754971112,-13.645704477358525,-0.2296,-0.9468,0.1914,-0.1188
236,592545.0,540.343093,1.0,3.31,4.14,-8.94,-16.56,-25.87,26.69,5.38,-10.13,-2.63,0.0952914440842194,0.17871874608446436,-0.5846097480037233,-142.81135091208287,22.045646214809647,-13.195714475135588,-0.2279,-0.9478,0.1912,-0.1149
237,592545.0,540.343093,1.0,3.31,4.14,-8.94,-16.56,-25.87,26.69,5.38,-10.13,-2.63,0.0952914440842194,0.17871874608446436,-0.5846097480037233,-142.81135091208287,22.045646214809647,-13.195714475135588,-0.2279,-0.9478,0.1912,-0.1149
238,592582.0,540.353133,1.0,2.91,3.18,-8.56,-15.06,-25.87,26.25,10.5,-10.88,-0.94,0.20674621757817,-0.4822708211710178,0.23697023228759306,-143.24503868567004,21.928912393640328,-12.999629346780695,-0.2244,-0.9490000000000001,0.1902,-0.1132
239,592582.0,540.353133,1.0,2.91,3.18,-8.56,-15.06,-25.87,26.25,10.5,-10.88,-0.94,0.20674621757817,-0.4822708211710178,0.23697023228759306,-143.24503868567004,21.928912393640328,-12.999629346780695,-0.2244,-0.9490000000000001,0.1902,-0.1132
240,592619.0,540.386886,1.0,2.81,3.39,-8.48,-15.06,-25.87,26.25,0.56,-11.25,-1.69,0.10073296813957344,-0.26635101005681305,0.25586416800839906,-143.46374555627918,21.952257310852513,-12.596044357776794,-0.2233,-0.9496,0.1904,-0.1097
241,592619.0,540.386886,1.0,2.81,3.39,-8.48,-15.06,-25.87,26.25,0.56,-11.25,-1.69,0.10073296813957344,-0.26635101005681305,0.25586416800839906,-143.46374555627918,21.952257310852513,-12.596044357776794,-0.2233,-0.9496,0.1904,-0.1097
242,592652.0,540.431218,1.0,2.95,3.83,-8.47,-15.5,-25.19,28.87,-9.81,1.12,2.5,0.0730012857918596,0.11998436494779675,0.055107836606513416,-143.3178010626215,22.057320868979353,-12.446181578242712,-0.225,-0.9492,0.1913,-0.1084
243,592652.0,540.431218,1.0,2.95,3.83,-8.47,-15.5,-25.19,28.87,-9.81,1.12,2.5,0.0730012857918596,0.11998436494779675,0.055107836606513416,-143.3178010626215,22.057320868979353,-12.446181578242712,-0.225,-0.9492,0.1913,-0.1084
244,592687.0,540.459866,1.0,3.01,4.1,-8.59,-14.75,-24.75,29.25,-7.25,5.5,-0.94,-0.007787197596600182,0.23943815634837204,-0.17337047737568945,-143.06373822672285,21.975603150496873,-12.58451568698019,-0.228,-0.9485,0.1906,-0.1096
245,592687.0,540.459866,1.0,3.01,4.1,-8.59,-14.75,-24.75,29.25,-7.25,5.5,-0.94,-0.007787197596600182,0.23943815634837204,-0.17337047737568945,-143.06373822672285,21.975603150496873,-12.58451568698019,-0.228,-0.9485,0.1906,-0.1096
246,592723.0,540.498887,1.0,2.83,3.48,-8.56,-15.5,-26.25,27.19,7.25,2.19,-2.38,0.06916288412519678,-0.2892497447488831,0.1472270834577145,-143.24503868567004,21.85888316581779,-12.699808169946316,-0.2265,-0.9490000000000001,0.1896,-0.1106
247,592723.0,540.498887,1.0,2.83,3.48,-8.56,-15.5,-26.25,27.19,7.25,2.19,-2.38,0.06916288412519678,-0.2892497447488831,0.1472270834577145,-143.24503868567004,21.85888316581779,-12.699808169946316,-0.2265,-0.9490000000000001,0.1896,-0.1106
248,592756.0,540.539525,1.0,3.16,3.59,-8.64,-15.5,-26.25,27.19,2.25,-0.44,1.56,0.3056291925773884,-0.11708438669382193,-0.06331362926617068,-143.3178010626215,21.85888316581779,-12.7228682118641,-0.2256,-0.9492,0.1896,-0.1108
249,592756.0,540.539525,1.0,3.16,3.59,-8.64,-15.5,-26.25,27.19,2.25,-0.44,1.56,0.3056291925773884,-0.11708438669382193,-0.06331362926617068,-143.3178010626215,21.85888316581779,-12.7228682118641,-0.2256,-0.9492,0.1896,-0.1108
250,592793.0,540.582364,1.0,2.74,3.73,-8.44,-16.25,-25.19,28.5,-3.0,-4.81,-2.5,-0.08425817863398755,-0.056958885686712674,0.1814873393134473,-143.1724151146164,21.963930115303263,-12.58451568698019,-0.2269,-0.9488,0.1905,-0.1096
251,592793.0,540.582364,1.0,2.74,3.73,-8.44,-16.25,-25.19,28.5,-3.0,-4.81,-2.5,-0.08425817863398755,-0.056958885686712674,0.1814873393134473,-143.1724151146164,21.963930115303263,-12.58451568698019,-0.2269,-0.9488,0.1905,-0.1096
252,592830.0,540.612904,1.0,2.56,3.29,-8.27,-15.88,-25.5,27.56,1.69,-2.56,1.31,-0.030867626395109093,-0.38341029448385866,0.5533995583592599,-143.20870960086745,22.033971792326973,-12.469235993000286,-0.2265,-0.9489,0.1911,-0.1086
253,592830.0,540.612904,1.0,2.56,3.29,-8.27,-15.88,-25.5,27.56,1.69,-2.56,1.31,-0.030867626395109093,-0.38341029448385866,0.5533995583592599,-143.20870960086745,22.033971792326973,-12.469235993000286,-0.2265,-0.9489,0.1911,-0.1086
254,592863.0,540.649258,1.0,3.0,4.06,-8.67,-15.88,-25.5,27.56,5.75,7.25,-2.88,-0.007080753790706273,0.1850892233919064,-0.22421196905878726,-143.1724151146164,21.975603150496873,-12.549930441445206,-0.2271,-0.9488,0.1906,-0.1093
255,592863.0,540.649258,1.0,3.0,4.06,-8.67,-15.88,-25.5,27.56,5.75,7.25,-2.88,-0.007080753790706273,0.1850892233919064,-0.22421196905878726,-143.1724151146164,21.975603150496873,-12.549930441445206,-0.2271,-0.9488,0.1906,-0.1093
256,592898.0,540.687089,1.0,3.08,3.57,-8.68,-15.5,-25.19,28.5,12.06,7.56,-4.25,0.21080032863289788,-0.15459456008387173,-0.06783042903730419,-143.46374555627918,21.695513718287586,-12.88430304585338,-0.22399999999999998,-0.9496,0.1882,-0.1122
257,592898.0,540.687089,1.0,3.08,3.57,-8.68,-15.5,-25.19,28.5,12.06,7.56,-4.25,0.21080032863289788,-0.15459456008387173,-0.06783042903730419,-143.46374555627918,21.695513718287586,-12.88430304585338,-0.22399999999999998,-0.9496,0.1882,-0.1122
258,592932.0,540.6978429999998,1.0,2.8,3.19,-8.49,-15.06,-25.5,27.56,7.63,0.25,-0.69,0.12718251820904847,-0.4420554890091649,0.32590047521564003,-143.64697188895283,21.56718332965744,-12.941964550756788,-0.2225,-0.9501,0.1871,-0.1127
259,592932.0,540.6978429999998,1.0,2.8,3.19,-8.49,-15.06,-25.5,27.56,7.63,0.25,-0.69,0.12718251820904847,-0.4420554890091649,0.32590047521564003,-143.64697188895283,21.56718332965744,-12.941964550756788,-0.2225,-0.9501,0.1871,-0.1127
260,592969.0,540.767566,1.0,3.42,3.37,-8.97,-16.25,-25.87,29.0,-9.69,0.81,3.19,0.5520319404611829,-0.35683982550742577,-0.3462868202329741,-143.42720670361226,21.7305176882842,-12.941964550756788,-0.2242,-0.9495,0.1885,-0.1127
261,592969.0,540.767566,1.0,3.42,3.37,-8.97,-16.25,-25.87,29.0,-9.69,0.81,3.19,0.5520319404611829,-0.35683982550742577,-0.3462868202329741,-143.42720670361226,21.7305176882842,-12.941964550756788,-0.2242,-0.9495,0.1885,-0.1127
262,593004.0,540.7838009999998,1.0,2.5,4.18,-7.92,-16.25,-25.87,29.0,-20.25,-12.63,4.69,-0.425593717408798,0.4593210707829533,0.5299752648571872,-143.02758111671002,21.987276416568136,-12.619102083523115,-0.2282,-0.9484,0.1907,-0.1099
263,593004.0,540.7838009999998,1.0,2.5,4.18,-7.92,-16.25,-25.87,29.0,-20.25,-12.63,4.69,-0.425593717408798,0.4593210707829533,0.5299752648571872,-143.02758111671002,21.987276416568136,-12.619102083523115,-0.2282,-0.9484,0.1907,-0.1099
264,593041.0,540.8132099999998,1.0,3.11,3.98,-8.67,-14.75,-25.87,27.25,13.56,4.63,-0.37,0.12779742959504414,0.11908454854224425,-0.22584154932548905,-143.06373822672285,21.90556839778225,-12.58451568698019,-0.2287,-0.9485,0.19,-0.1096
265,593041.0,540.8132099999998,1.0,3.11,3.98,-8.67,-14.75,-25.87,27.25,13.56,4.63,-0.37,0.12779742959504414,0.11908454854224425,-0.22584154932548905,-143.06373822672285,21.90556839778225,-12.58451568698019,-0.2287,-0.9485,0.19,-0.1096
266,593076.0,540.8458559999998,1.0,2.9,3.29,-8.46,-15.5,-25.5,27.56,6.75,4.25,-1.5,0.2164710702400503,-0.3763774415749703,0.2873443374412723,-143.24503868567004,21.800531789289547,-12.745928771149693,-0.2263,-0.9490000000000001,0.1891,-0.111
267,593076.0,540.8458559999998,1.0,2.9,3.29,-8.46,-15.5,-25.5,27.56,6.75,4.25,-1.5,0.2164710702400503,-0.3763774415749703,0.2873443374412723,-143.24503868567004,21.800531789289547,-12.745928771149693,-0.2263,-0.9490000000000001,0.1891,-0.111
268,593108.0,540.891733,1.0,2.94,3.73,-8.52,-15.5,-25.5,27.56,-8.44,-1.12,1.56,0.07374681824313578,-0.06824261621708694,0.05284026471549018,-143.06373822672285,21.847212431989455,-12.7228682118641,-0.2284,-0.9485,0.1895,-0.1108
269,593108.0,540.891733,1.0,2.94,3.73,-8.52,-15.5,-25.5,27.56,-8.44,-1.12,1.56,0.07374681824313578,-0.06824261621708694,0.05284026471549018,-143.06373822672285,21.847212431989455,-12.7228682118641,-0.2284,-0.9485,0.1895,-0.1108
270,593145.0,540.92918,1.0,2.88,4.09,-8.48,-15.88,-25.87,27.56,-7.81,0.56,1.94,-0.1149576276470492,0.1899979195409354,-0.03629597843632837,-142.81135091208287,21.975603150496873,-12.676748644427741,-0.2305,-0.9478,0.1906,-0.1104
271,593145.0,540.92918,1.0,2.88,4.09,-8.48,-15.88,-25.87,27.56,-7.81,0.56,1.94,-0.1149576276470492,0.1899979195409354,-0.03629597843632837,-142.81135091208287,21.975603150496873,-12.676748644427741,-0.2305,-0.9478,0.1906,-0.1104
272,593180.0,540.960697,1.0,2.99,3.63,-8.64,-14.38,-25.19,27.25,7.5,6.63,-1.69,0.12643147951262934,-0.22410498752316152,-0.02698574857008396,-142.91931394004666,21.800531789289547,-12.872771138472865,-0.2297,-0.9481,0.1891,-0.1121
273,593180.0,540.960697,1.0,2.99,3.63,-8.64,-14.38,-25.19,27.25,7.5,6.63,-1.69,0.12643147951262934,-0.22410498752316152,-0.02698574857008396,-142.91931394004666,21.800531789289547,-12.872771138472865,-0.2297,-0.9481,0.1891,-0.1121
274,593215.0,540.988616,1.0,3.17,3.88,-8.66,-14.38,-25.19,27.25,-2.63,0.0,-0.25,0.16760649405844008,0.04351375211993287,-0.1967951373777144,-143.02758111671002,21.753854808314237,-12.965030073382625,-0.2287,-0.9484,0.1887,-0.1129
275,593215.0,540.988616,1.0,3.17,3.88,-8.66,-14.38,-25.19,27.25,-2.63,0.0,-0.25,0.16760649405844008,0.04351375211993287,-0.1967951373777144,-143.02758111671002,21.753854808314237,-12.965030073382625,-0.2287,-0.9484,0.1887,-0.1129
276,593248.0,541.058661,1.0,2.9,3.95,-8.42,-15.06,-25.87,28.5,-1.31,-1.12,-1.0,-0.06407304934698478,0.11951139557912938,0.06547390721355839,-142.99145809873448,21.695513718287586,-12.930431986971733,-0.2294,-0.9483,0.1882,-0.1126
277,593248.0,541.058661,1.0,2.9,3.95,-8.42,-15.06,-25.87,28.5,-1.31,-1.12,-1.0,-0.06407304934698478,0.11951139557912938,0.06547390721355839,-142.99145809873448,21.695513718287586,-12.930431986971733,-0.2294,-0.9483,0.1882,-0.1126
278,593285.0,541.091518,1.0,3.08,3.47,-8.76,-15.5,-26.25,25.56,7.25,10.88,1.25,0.20582146952021985,-0.3708438040539033,-0.09713778022224416,-143.02758111671002,21.625511921173292,-13.195714475135588,-0.2282,-0.9484,0.1876,-0.1149
279,593285.0,541.091518,1.0,3.08,3.47,-8.76,-15.5,-26.25,25.56,7.25,10.88,1.25,0.20582146952021985,-0.3708438040539033,-0.09713778022224416,-143.02758111671002,21.625511921173292,-13.195714475135588,-0.2282,-0.9484,0.1876,-0.1149
280,593319.0,541.098882,1.0,3.5,3.45,-9.18,-15.88,-25.87,26.75,-3.0,-1.25,2.19,0.5132455904537911,-0.4726428386523904,-0.5826756619931963,-142.91931394004666,21.672178876755066,-13.334150842815475,-0.2286,-0.9481,0.188,-0.1161
281,593319.0,541.098882,1.0,3.5,3.45,-9.18,-15.88,-25.87,26.75,-3.0,-1.25,2.19,0.5132455904537911,-0.4726428386523904,-0.5826756619931963,-142.91931394004666,21.672178876755066,-13.334150842815475,-0.2286,-0.9481,0.188,-0.1161
282,593354.0,541.147904,1.0,2.81,3.85,-8.19,-15.88,-25.87,26.75,-10.88,-2.06,0.88,-0.11619555944610728,0.08991658307628914,0.3317825286285494,-142.77543036661098,21.753854808314237,-13.195714475135588,-0.2305,-0.9477,0.1887,-0.1149
283,593354.0,541.147904,1.0,2.81,3.85,-8.19,-15.88,-25.87,26.75,-10.88,-2.06,0.88,-0.11619555944610728,0.08991658307628914,0.3317825286285494,-142.77543036661098,21.753854808314237,-13.195714475135588,-0.2305,-0.9477,0.1887,-0.1149
284,593391.0,541.185481,1.0,3.38,4.25,-8.77,-15.06,-25.5,27.25,15.38,0.5,-0.19,0.14590491278732287,0.3358709606969211,-0.5018757168125187,-142.91931394004666,21.63717831946884,-13.276466658923828,-0.2292,-0.9481,0.1877,-0.1156
285,593391.0,541.185481,1.0,3.38,4.25,-8.77,-15.06,-25.5,27.25,15.38,0.5,-0.19,0.14590491278732287,0.3358709606969211,-0.5018757168125187,-142.91931394004666,21.63717831946884,-13.276466658923828,-0.2292,-0.9481,0.1877,-0.1156
286,593426.0,541.1996780000002,1.0,2.81,3.14,-8.43,-15.88,-25.5,27.56,-0.5,-1.06,0.88,0.12649610803345968,-0.5568666153162365,0.3994985550939152,-143.06373822672285,21.648844944741544,-13.264930228136947,-0.2275,-0.9485,0.1878,-0.1155
287,593426.0,541.1996780000002,1.0,2.81,3.14,-8.43,-15.88,-25.5,27.56,-0.5,-1.06,0.88,0.12649610803345968,-0.5568666153162365,0.3994985550939152,-143.06373822672285,21.648844944741544,-13.264930228136947,-0.2275,-0.9485,0.1878,-0.1155
288,593463.0,541.245167,1.0,2.95,3.89,-8.4,-15.88,-25.5,27.56,-6.13,0.31,-0.12,-0.033860713233002215,0.08595199433409123,0.09140086748829823,-142.88329260111254,21.71884947041321,-13.184178987120148,-0.2294,-0.948,0.1884,-0.1148
289,593463.0,541.245167,1.0,2.95,3.89,-8.4,-15.88,-25.5,27.56,-6.13,0.31,-0.12,-0.033860713233002215,0.08595199433409123,0.09140086748829823,-142.88329260111254,21.71884947041321,-13.184178987120148,-0.2294,-0.948,0.1884,-0.1148
290,593496.0,541.2797419999998,1.0,3.17,4.28,-8.59,-15.5,-25.87,27.69,6.13,-0.94,-4.25,-0.012663081581247404,0.4047618480257431,-0.2924295369057113,-143.06373822672285,21.57884859507936,-13.161108413553293,-0.2283,-0.9485,0.1872,-0.1146
291,593496.0,541.2797419999998,1.0,3.17,4.28,-8.59,-15.5,-25.87,27.69,6.13,-0.94,-4.25,-0.012663081581247404,0.4047618480257431,-0.2924295369057113,-143.06373822672285,21.57884859507936,-13.161108413553293,-0.2283,-0.9485,0.1872,-0.1146
292,593532.0,541.3149030000002,1.0,2.82,2.84,-8.47,-15.06,-25.87,27.56,5.0,1.12,0.5,0.2493739720089421,-0.7850810999529569,0.4749641775678537,-143.35423456188457,21.450543092817842,-13.276466658923828,-0.2254,-0.9493,0.1861,-0.1156
293,593532.0,541.3149030000002,1.0,2.82,2.84,-8.47,-15.06,-25.87,27.56,5.0,1.12,0.5,0.2493739720089421,-0.7850810999529569,0.4749641775678537,-143.35423456188457,21.450543092817842,-13.276466658923828,-0.2254,-0.9493,0.1861,-0.1156
294,593569.0,541.35812,1.0,2.98,3.63,-8.54,-15.06,-25.87,27.56,-10.31,1.88,2.5,0.06906732523336467,-0.14851677038568148,0.061801490479739485,-143.1724151146164,21.52052452835445,-13.264930228136947,-0.2272,-0.9488,0.1867,-0.1155
295,593569.0,541.35812,1.0,2.98,3.63,-8.54,-15.06,-25.87,27.56,-10.31,1.88,2.5,0.06906732523336467,-0.14851677038568148,0.061801490479739485,-143.1724151146164,21.52052452835445,-13.264930228136947,-0.2272,-0.9488,0.1867,-0.1155
296,593602.0,541.381061,1.0,3.26,4.22,-8.74,-15.06,-25.5,27.56,4.75,-4.0,-2.44,0.07104073555599433,0.29332841257420483,-0.427240348067464,-143.06373822672285,21.473869337236096,-13.2187858542384,-0.22899999999999998,-0.9485,0.1863,-0.1151
297,593602.0,541.381061,1.0,3.26,4.22,-8.74,-15.06,-25.5,27.56,4.75,-4.0,-2.44,0.07104073555599433,0.29332841257420483,-0.427240348067464,-143.06373822672285,21.473869337236096,-13.2187858542384,-0.22899999999999998,-0.9485,0.1863,-0.1151
298,593637.0,541.435603,1.0,2.59,3.04,-8.28,-15.06,-24.75,27.56,11.38,-1.06,1.37,-0.0032080586994802647,-0.5985373726025717,0.6333276617216015,-143.35423456188457,21.462206102543455,-13.207250097467805,-0.2255,-0.9493,0.1862,-0.115
299,593637.0,541.435603,1.0,2.59,3.04,-8.28,-15.06,-24.75,27.56,11.38,-1.06,1.37,-0.0032080586994802647,-0.5985373726025717,0.6333276617216015,-143.35423456188457,21.462206102543455,-13.207250097467805,-0.2255,-0.9493,0.1862,-0.115
300,593674.0,541.465337,1.0,3.46,3.54,-8.83,-14.75,-25.19,28.87,-9.0,2.25,3.88,0.4960495260472815,-0.2035090786183328,-0.30199080490686997,-143.24503868567004,21.473869337236096,-13.288003224878931,-0.2265,-0.9490000000000001,0.1863,-0.1157
301,593674.0,541.465337,1.0,3.46,3.54,-8.83,-14.75,-25.19,28.87,-9.0,2.25,3.88,0.4960495260472815,-0.2035090786183328,-0.30199080490686997,-143.24503868567004,21.473869337236096,-13.288003224878931,-0.2265,-0.9490000000000001,0.1863,-0.1157
302,593709.0,541.490008,1.0,2.98,4.23,-8.3,-14.75,-25.19,28.87,-16.69,-4.75,0.25,-0.10575187002600073,0.3940944247601352,0.034403271311708394,-142.84730495776557,21.602179804976906,-13.080365619179068,-0.231,-0.9479,0.1874,-0.1139
303,593709.0,541.490008,1.0,2.98,4.23,-8.3,-14.75,-25.19,28.87,-16.69,-4.75,0.25,-0.10575187002600073,0.3940944247601352,0.034403271311708394,-142.84730495776557,21.602179804976906,-13.080365619179068,-0.231,-0.9479,0.1874,-0.1139
304,593743.0,541.509905,1.0,2.71,3.94,-8.49,-16.25,-25.19,27.69,3.5,-3.69,0.19,-0.24451091390683466,-0.006264899094182763,0.0656041031766108,-142.84730495776557,21.753854808314237,-12.965030073382625,-0.2307,-0.9479,0.1887,-0.1129
305,593743.0,541.509905,1.0,2.71,3.94,-8.49,-16.25,-25.19,27.69,3.5,-3.69,0.19,-0.24451091390683466,-0.006264899094182763,0.0656041031766108,-142.84730495776557,21.753854808314237,-12.965030073382625,-0.2307,-0.9479,0.1887,-0.1129
306,593780.0,541.54975,1.0,3.2,3.2,-8.57,-15.88,-25.87,28.5,16.19,6.0,-0.06,0.44760726221689096,-0.43684849633021294,0.13536719315039392,-143.13615512462272,21.648844944741544,-13.172643633299911,-0.2267,-0.9487,0.1878,-0.1147
307,593780.0,541.54975,1.0,3.2,3.2,-8.57,-15.88,-25.87,28.5,16.19,6.0,-0.06,0.44760726221689096,-0.43684849633021294,0.13536719315039392,-143.13615512462272,21.648844944741544,-13.172643633299911,-0.2267,-0.9487,0.1878,-0.1147
308,593815.0,541.587971,1.0,2.96,3.83,-8.4,-15.88,-25.87,28.5,-9.44,-3.38,-1.0,0.009073869459750972,0.0686030374676875,0.1120271972219964,-143.06373822672285,21.660511797125544,-13.114968872872085,-0.228,-0.9485,0.1879,-0.1142
309,593815.0,541.587971,1.0,2.96,3.83,-8.4,-15.88,-25.87,28.5,-9.44,-3.38,-1.0,0.009073869459750972,0.0686030374676875,0.1120271972219964,-143.06373822672285,21.660511797125544,-13.114968872872085,-0.228,-0.9485,0.1879,-0.1142
310,593848.0,541.6339230000002,1.0,2.82,3.93,-8.44,-15.06,-25.5,27.56,-2.44,0.06,0.12,-0.15256344907491814,0.06971335814392265,0.08025475604129008,-142.99145809873448,21.660511797125544,-13.06883146764636,-0.2291,-0.9483,0.1879,-0.1138
311,593848.0,541.6339230000002,1.0,2.82,3.93,-8.44,-15.06,-25.5,27.56,-2.44,0.06,0.12,-0.15256344907491814,0.06971335814392265,0.08025475604129008,-142.99145809873448,21.660511797125544,-13.06883146764636,-0.2291,-0.9483,0.1879,-0.1138
312,593885.0,541.6652740000002,1.0,3.03,3.57,-8.51,-15.88,-26.69,28.06,-0.88,7.5,2.56,0.14026530681347227,-0.20024787194687088,0.09654565280139238,-142.91931394004666,21.672178876755066,-13.276466658923828,-0.2289,-0.9481,0.188,-0.1156
313,593885.0,541.6652740000002,1.0,3.03,3.57,-8.51,-15.88,-26.69,28.06,-0.88,7.5,2.56,0.14026530681347227,-0.20024787194687088,0.09654565280139238,-142.91931394004666,21.672178876755066,-13.276466658923828,-0.2289,-0.9481,0.188,-0.1156
